title,firstname,lastname,login,password,expireDate,role,street,city,postalCode
Mme,Colette,Bernard,colettebernard,9876543210,2000-12-09T08:06:30.,ENGINEER,33 Laurel Street,MONTPELIER,83254
Mme,Caroline,Martin,carolinemartin,a987654321,2017-03-27T11:37:34.,ENGINEER,17 Pine Street,MARTY,57361
M.,Paul,Petit,paulpetit,ba98765432,2004-02-25T15:21:03.,SALES,15 Fifth Street,ARGONIA,67004
M.,Rene,Leroy,reneleroy,cba9876543,2006-02-26T13:19:26.,SALES,21 Church Street,HOLLIS CENTER,4042
Mme,Danielle,Moreau,daniellemoreau,dcba987654,2006-02-06T14:44:42.,SALES,31 Cedar Street,BURLEY,98322
M.,Yves,Thomas,yvesthomas,edcba98765,2020-01-04T08:33:45.,TRADER,8 2nd Street,DILLON,29536
M.,Pierre,Petit,pierrepetit,fedcba9876,2020-10-04T08:55:14.,ENGINEER,19 Smith Street,TREXLERTOWN,18087
M.,Patrick,Robert,patrickrobert,gfedcba987,2010-12-28T15:30:02.,TRADER,6 Center Street,WADSWORTH,44282
Mme,Laetitia,Bertrand,laetitiabertrand,hgfedcba98,2014-04-08T13:40:37.,TRADER,10 Main Street,GLOSTER,39638
Mme,Cecile,Thomas,cecilethomas,ihgfedcba9,2005-01-31T14:34:29.,TRADER,10 Fourth Street,MITCHELLVILLE,37119
M.,Bernard,Martin,bernardmartin,jihgfedcba,2002-11-21T11:02:10.,ENGINEER,28 Hickory Street,LEMOYNE,43441
Mme,Madeleine,Bernard,madeleinebernard,kjihgfedcb,2005-05-03T16:28:28.,SALES,47 Central Street,CHALK,79224
Mme,Helene,Simon,helenesimon,lkjihgfedc,2014-10-11T16:36:38.,ENGINEER,12 8th Street,MARTY,57361
M.,Patrick,Dubois,patrickdubois,mlkjihgfed,2014-07-10T15:47:17.,TRADER,2 Locust Street,EMMA,62834
Mme,Elodie,Lefebvre,elodielefebvre,nmlkjihgfe,2005-03-11T12:49:17.,ENGINEER, ,,
Mme,Florence,Martin,florencemartin,onmlkjihgf,2009-02-26T11:18:09.,SALES,3 Maple Street,PITTSFIELD,4967
Mme,Christiane,Lefèvre,christianelefèvre,ponmlkjihg,2011-10-10T16:39:20.,TRADER,27 Center Street,WIDEMAN,72585
M.,Dominique,Garcia,dominiquegarcia,qponmlkjih,2011-10-15T10:23:23.,ENGINEER,48 Railroad Street,MOYERS,74557
M.,Marc,Durand,marcdurand,rqponmlkji,2017-02-16T12:45:59.,TRADER,9 Oak Street,RUTHERFORD COLLEGE,28671
M.,Claude,Thomas,claudethomas,srqponmlkj,2019-03-16T12:07:32.,TRADER, ,,
Mme,Claire,Lefebvre,clairelefebvre,tsrqponmlk,2018-04-10T16:24:32.,TRADER, ,,
M.,Alexandre,Martin,alexandremartin,utsrqponml,2003-04-23T14:00:12.,ENGINEER,11 Hill Street,KRAMER,58748
M.,Joseph,Moreau,josephmoreau,vutsrqponm,2018-09-24T14:41:28.,SALES,41 North Street,CABOOL,65689
M.,Bernard,Simon,bernardsimon,wvutsrqpon,2006-10-25T13:44:23.,TRADER,6 Dogwood Street,LAWNDALE,61751
M.,Alain,Martin,alainmartin,xwvutsrqpo,2020-08-27T09:50:09.,ENGINEER,18 Valley Street,MAURICETOWN,8329
Mme,Renee,Vincent,reneevincent,yxwvutsrqp,2009-08-05T15:12:30.,TRADER,34 Mill Street,SAN RAMON,94583
M.,Andre,Martin,andremartin,zyxwvutsrq,2011-09-03T10:01:03.,SALES,30 Elm Street,FRANKLIN SPRINGS,30639
Mme,Madeleine,Robert,madeleinerobert,_zyxwvutsr,2011-03-15T08:31:59.,TRADER,37 4th Street,LAUREL,50141
Mme,Jeanne,Morel,jeannemorel,a_zyxwvuts,2018-10-12T13:31:22.,ENGINEER,47 Jefferson Street,BROWNVILLE,68321
M.,Joseph,David,josephdavid,ba_zyxwvut,2019-03-24T14:12:55.,ENGINEER,43 4th Street,AUGUSTA,7822
M.,Robert,Lefebvre,robertlefebvre,cba_zyxwvu,2017-09-13T16:29:26.,ENGINEER, ,,
Mme,Catherine,Roux,catherineroux,dcba_zyxwv,2017-02-06T13:09:15.,TRADER,21 Walnut Street,WASHBURN,54891
Mme,Patricia,Dubois,patriciadubois,edcba_zyxw,2007-07-23T08:07:54.,TRADER,20 Dogwood Street,AMORY,38821
M.,Alain,Robert,alainrobert,fedcba_zyx,2016-11-23T14:01:49.,TRADER,8 Jefferson Street,HARDIN,42048
Mme,Celine,Martin,celinemartin,gfedcba_zy,2005-09-18T12:41:34.,SALES,15 1st Street,WASCO,93280
M.,Yves,Robert,yvesrobert,hgfedcba_z,2005-08-02T09:02:46.,TRADER,36 River Street,KELSEYVILLE,95451
Mme,Monique,Vincent,moniquevincent,ihgfedcba_,2013-08-14T10:19:54.,TRADER, ,,
M.,Stephane,Laurent,stephanelaurent,jihgfedcba,2019-08-12T08:16:46.,ENGINEER,9 3rd Street,LOOMIS,95650
Mme,Monique,Laurent,moniquelaurent,kjihgfedcb,2019-07-08T12:35:44.,ENGINEER,24 Madison Street,WAYNE,25570
Mme,Francoise,Petit,francoisepetit,lkjihgfedc,2009-11-24T14:21:32.,ENGINEER,24 Maple Street,SAPELO ISLAND,31327
Mme,Josette,Dubois,josettedubois,mlkjihgfed,2005-08-25T08:44:55.,ENGINEER,13 6th Street,TEXARKANA,75503
M.,Louis,Martin,louismartin,nmlkjihgfe,2010-12-12T12:37:18.,SALES, ,,
M.,Dominique,Martin,dominiquemartin,onmlkjihgf,2019-08-05T09:51:41.,TRADER,17 Spring Street,LLOYD,59535
Mme,Bernadette,Moreau,bernadettemoreau,ponmlkjihg,2001-05-13T14:45:31.,SALES,48 Chestnut Street,COOPERSBURG,18036
Mme,Emilie,Mercier,emiliemercier,qponmlkjih,2002-01-13T13:17:44.,TRADER,25 Miller Street,CROCKETTS BLUFF,72038
M.,Roger,Durand,rogerdurand,rqponmlkji,2008-11-23T12:27:52.,ENGINEER,36 Main Street,GIFFORD,50259
Mme,Catherine,Laurent,catherinelaurent,srqponmlkj,2020-12-26T14:35:08.,TRADER,5 Fourth Street,ELECTRIC CITY,99123
M.,Christophe,Vincent,christophevincent,tsrqponmlk,2004-05-05T08:05:18.,ENGINEER,27 Cherry Street,GARYVILLE,70051
M.,Pierre,Petit,pierrepetit0,utsrqponml,2015-01-29T16:39:54.,ENGINEER,1 Sixth Street,EASTHAM,2642
Mme,Claudine,André,claudineandré,vutsrqponm,2005-04-03T13:37:02.,SALES,18 Main Street,ROSSVILLE,30741
M.,Claude,Laurent,claudelaurent,wvutsrqpon,2014-08-06T09:01:12.,SALES,25 Fifth Street,FORBES,58439
Mme,Florence,Thomas,florencethomas,xwvutsrqpo,2007-06-03T12:58:04.,ENGINEER, ,,
M.,David,Michel,davidmichel,yxwvutsrqp,2018-09-24T08:09:30.,TRADER,37 Broadway Street,ADRIAN,16210
M.,Alain,Dubois,alaindubois,zyxwvutsrq,2015-11-14T13:07:50.,ENGINEER, ,,
Mme,Claudine,Lefebvre,claudinelefebvre,0zyxwvutsr,2014-03-24T12:41:34.,SALES, ,,
Mme,Helene,Leroy,heleneleroy,10zyxwvuts,2009-04-29T16:38:08.,TRADER,35 Ridge Street,CLOQUET,55720
M.,Guy,Martin,guymartin,210zyxwvut,2007-02-20T14:31:30.,SALES,42 3rd Street,BURKE,22009
M.,Guillaume,Robert,guillaumerobert,3210zyxwvu,2010-12-06T13:42:31.,TRADER,40 Lincoln Street,OLATON,42361
Mme,Elodie,Vincent,elodievincent,43210zyxwv,2017-11-14T15:02:23.,TRADER,24 Maple Street,PINE FORGE,19548
Mme,Catherine,Garcia,catherinegarcia,543210zyxw,2009-08-10T16:31:38.,ENGINEER,31 3rd Street,PRATT,67124
M.,Didier,Laurent,didierlaurent,6543210zyx,2018-01-16T16:27:35.,TRADER, ,,
M.,Michel,Simon,michelsimon,76543210zy,2015-01-09T09:49:11.,TRADER,12 2nd Street,POLAND,47868
M.,Stephane,Martin,stephanemartin,876543210z,2003-08-14T08:06:43.,SALES,42 Main Street,FORESTHILL,95631
M.,Vincent,Lefèvre,vincentlefèvre,9876543310,2008-02-17T14:34:55.,SALES,12 Chestnut Street,WOLCOTT,81655
Mme,Dominique,André,dominiqueandré,a987654421,2012-07-09T09:41:08.,ENGINEER,1 Green Street,FRANKFORT,49635
Mme,Helene,Girard,helenegirard,ba98765532,2016-09-15T11:51:42.,ENGINEER,50 Pine Street,WINSLOW,61089
M.,Christophe,Robert,christopherobert,cba9876643,2013-01-23T16:25:00.,TRADER,16 Green Street,PRESCOTT,50859
Mme,Martine,Girard,martinegirard,dcba987754,2012-09-13T11:37:47.,SALES,17 Smith Street,TWO RIVERS,54241
M.,George,Martin,georgemartin,edcba98865,2009-11-26T14:00:24.,SALES,46 Main Street,SAINT JAMES,65559
Mme,Annie,Lefebvre,annielefebvre,fedcba9976,2010-05-31T16:55:42.,TRADER,38 10th Street,WASHINGTON COURT HOUSE,43160
Mme,Helene,Martin,helenemartin,gfedcbaa87,2001-12-12T14:46:29.,ENGINEER, ,,
Mme,Marcelle,Bernard,marcellebernard,hgfedcbb98,2004-09-08T14:09:14.,SALES,1 Main Street,LOCHMERE,3252
M.,Francois,Leroy,francoisleroy,ihgfedcca9,2009-10-15T14:22:11.,TRADER,19 North Street,DALLARDSVILLE,77332
M.,Maurice,Michel,mauricemichel,jihgfeddba,2004-10-12T14:05:16.,SALES,2 4th Street,DIETRICH,83324
Mme,Paulette,Thomas,paulettethomas,kjihgfeecb,2019-12-18T10:46:03.,ENGINEER, ,,
M.,Jacques,Garcia,jacquesgarcia,lkjihgffdc,2005-08-30T13:40:00.,TRADER, ,,
Mme,Madeleine,Lefèvre,madeleinelefèvre,mlkjihgged,2016-11-29T16:53:14.,SALES, ,,
M.,Andre,David,andredavid,nmlkjihhfe,2012-08-27T10:10:30.,SALES, ,,
M.,Roger,Richard,rogerrichard,onmlkjiigf,2013-08-22T12:57:24.,ENGINEER,39 Walnut Street,PORUM,74455
Mme,Marie,Simon,mariesimon,ponmlkjjhg,2008-08-22T16:24:30.,ENGINEER,35 Wilson Street,ABSECON,8201
Mme,Elisabeth,Fournier,elisabethfournier,qponmlkkih,2009-11-01T10:27:40.,ENGINEER,18 Poplar Street,CANISTOTA,57012
Mme,Annie,Laurent,annielaurent,rqponmllji,2014-07-07T14:37:54.,SALES,29 Cherry Street,NORTH ROYALTON,44133
Mme,Florence,David,florencedavid,srqponmmkj,2011-10-15T10:27:26.,SALES, ,,
M.,Olivier,Martin,oliviermartin,tsrqponnlk,2002-04-11T14:38:01.,ENGINEER,34 Madison Street,HOOPA,95546
M.,Stephane,André,stephaneandré,utsrqpooml,2004-10-03T12:17:13.,TRADER, ,,
M.,Gerard,Leroy,gerardleroy,vutsrqppnm,2003-09-30T15:51:25.,ENGINEER,20 Elm Street,D LO,39062
M.,Jerome,Leroy,jeromeleroy,wvutsrqqon,2012-06-24T14:10:23.,SALES,5 8th Street,HARDWICK,31034
Mme,Elodie,Garcia,elodiegarcia,xwvutsrrpo,2014-06-30T16:00:36.,ENGINEER,14 Lake Street,ROCKWOOD,62280
M.,Julien,Bernard,julienbernard,yxwvutssqp,2013-11-20T10:29:34.,SALES,37 Washington Street,CASCADE,52033
Mme,Nicole,Lefebvre,nicolelefebvre,zyxwvuttrq,2000-05-27T13:48:41.,ENGINEER,14 4th Street,POLARIS,59746
Mme,Colette,Thomas,colettethomas,_zyxwvuusr,2016-10-29T10:07:41.,ENGINEER,18 1st Street,LARSLAN,59244
Mme,Claudine,Bertrand,claudinebertrand,a_zyxwvvts,2001-07-19T16:40:02.,SALES,37 College Street,PROSPECT,38477
Mme,Jeanne,Dubois,jeannedubois,ba_zyxwwut,2015-10-25T13:55:30.,SALES,12 Main Street,FORT JOHNSON,12070
Mme,Corinne,Roux,corinneroux,cba_zyxxvu,2000-10-19T10:55:33.,ENGINEER,30 Hickory Street,WEST LEBANON,47991
Mme,Isabelle,Simon,isabellesimon,dcba_zyywv,2001-12-15T11:45:26.,TRADER, ,,
M.,Roger,Moreau,rogermoreau,edcba_zzxw,2002-03-15T14:13:16.,SALES,12 South Street,SOUTH MONTROSE,18843
M.,Pierre,Girard,pierregirard,fedcba__yx,2001-10-25T10:41:25.,SALES,30 Main Street,ORANGEVILLE,44453
Mme,Danielle,Lefèvre,daniellelefèvre,gfedcbaazy,2004-06-07T16:51:53.,TRADER, ,,
M.,Paul,Martin,paulmartin,hgfedcbb_z,2012-10-04T12:58:54.,SALES,39 7th Street,LEACHVILLE,72438
M.,Eric,Durand,ericdurand,ihgfedcca_,2017-07-22T08:57:06.,ENGINEER,36 Elm Street,COALDALE,18218
Mme,Dominique,Mercier,dominiquemercier,jihgfeddba,2013-03-21T08:21:11.,TRADER,32 10th Street,SPRING VALLEY,61362
Mme,Andree,Simon,andreesimon,kjihgfeecb,2002-03-20T09:51:35.,SALES, ,,
M.,Guillaume,Durand,guillaumedurand,lkjihgffdc,2020-10-08T12:28:45.,SALES, ,,
Mme,Francoise,Roux,francoiseroux,mlkjihgged,2003-05-07T09:45:33.,TRADER,23 Mill Street,MONTEREY,38574
Mme,Jacqueline,Laurent,jacquelinelaurent,nmlkjihhfe,2004-06-28T11:25:18.,TRADER, ,,
Mme,Dominique,Dubois,dominiquedubois,onmlkjiigf,2020-11-04T10:57:17.,SALES,12 Broadway Street,BURNS,82053
M.,Sebastien,Robert,sebastienrobert,ponmlkjjhg,2018-09-03T13:35:44.,ENGINEER,7 1st Street,OROVILLE,98844
M.,Maurice,Leroy,mauriceleroy,qponmlkkih,2015-01-05T09:09:31.,SALES,19 Elm Street,ARCOLA,38722
M.,Frederic,Roux,fredericroux,rqponmllji,2005-04-27T09:28:02.,ENGINEER,50 South Street,ZENIA,95595
Mme,Natalie,Simon,nataliesimon,srqponmmkj,2019-05-04T11:55:46.,TRADER,10 First Street,SAN RAFAEL,94901
Mme,Odette,Martin,odettemartin,tsrqponnlk,2016-09-14T12:22:39.,TRADER,46 East Street,WILTON,71865
M.,Serge,Thomas,sergethomas,utsrqpooml,2001-10-31T14:40:53.,ENGINEER,50 Main Street,VERONA,7044
Mme,Dominique,Bernard,dominiquebernard,vutsrqppnm,2017-11-26T15:34:55.,ENGINEER, ,,
M.,Gerard,Roux,gerardroux,wvutsrqqon,2001-05-02T14:03:23.,ENGINEER,44 Cedar Street,MOUNT SHASTA,96067
Mme,Martine,Lefèvre,martinelefèvre,xwvutsrrpo,2006-12-23T14:51:44.,ENGINEER,32 Twelfth Street,JENKINS,56456
M.,Jerome,Lefebvre,jeromelefebvre,yxwvutssqp,2008-09-06T15:00:33.,SALES,30 Highland Street,BELLE VALLEY,43717
M.,Marc,Petit,marcpetit,zyxwvuttrq,2011-10-29T11:26:44.,ENGINEER, ,,
M.,Guy,Martin,guymartin0,0zyxwvuusr,2010-02-02T14:50:38.,TRADER,36 Park Street,AURORA,60505
M.,Henri,Vincent,henrivincent,10zyxwvvts,2007-12-13T14:02:09.,SALES, ,,
Mme,Michele,Durand,micheledurand,210zyxwwut,2013-08-24T12:45:14.,TRADER, ,,
Mme,Paulette,Garcia,paulettegarcia,3210zyxxvu,2006-10-31T15:09:24.,TRADER,32 11th Street,CHARLESTON,63834
M.,George,Thomas,georgethomas,43210zyywv,2011-07-24T08:38:24.,SALES,27 Oak Street,SANDSTONE,55072
Mme,Claire,Robert,clairerobert,543210zzxw,2006-08-20T10:52:28.,ENGINEER,21 Locust Street,HAYDENVILLE,43127
M.,Paul,Michel,paulmichel,65432100yx,2018-08-23T09:25:51.,SALES,25 14th Street,LYON MOUNTAIN,12952
Mme,Genevieve,Martin,genevievemartin,76543211zy,2001-04-08T16:32:02.,ENGINEER,37 1st Street,PATERSON,7510
M.,Pascal,Robert,pascalrobert,876543220z,2006-05-13T09:44:50.,TRADER,40 Fifth Street,COLLIERVILLE,38027
Mme,Francoise,Thomas,francoisethomas,9876543410,2008-08-15T08:33:55.,SALES,42 Lincoln Street,LINCOLN,19960
Mme,Cecile,Morel,cecilemorel,a987654521,2017-10-07T14:15:07.,ENGINEER,17 Woodland Street,HELENWOOD,37755
M.,Julien,Morel,julienmorel,ba98765632,2001-05-12T15:07:06.,TRADER,22 Oak Street,BLADENSBURG,20710
Mme,Laetitia,Vincent,laetitiavincent,cba9876743,2004-02-25T12:38:58.,ENGINEER,23 Dogwood Street,DEANE,41812
Mme,Genevieve,Martin,genevievemartin0,dcba987854,2017-09-04T15:08:39.,SALES, ,,
Mme,Cecile,Fournier,cecilefournier,edcba98965,2010-11-06T16:57:39.,ENGINEER,50 East Street,TRINIDAD,75163
Mme,Catherine,Vincent,catherinevincent,fedcba9a76,2014-10-15T14:51:44.,SALES, ,,
M.,Sebastien,Leroy,sebastienleroy,gfedcbab87,2011-09-02T16:48:10.,TRADER, ,,
Mme,Michele,André,micheleandré,hgfedcbc98,2018-07-13T14:32:18.,ENGINEER,39 Miller Street,BYESVILLE,43723
Mme,Celine,Petit,celinepetit,ihgfedcda9,2005-03-24T09:40:20.,ENGINEER,29 Center Street,WEIKERT,17885
M.,Patrick,David,patrickdavid,jihgfedeba,2010-12-23T13:03:07.,TRADER,19 Park Street,CHRISTCHURCH,23031
M.,Maurice,Garcia,mauricegarcia,kjihgfefcb,2010-01-02T09:57:10.,TRADER, ,,
Mme,Helene,Lefèvre,helenelefèvre,lkjihgfgdc,2003-08-24T12:12:51.,ENGINEER,34 Park Street,WILMAR,71675
Mme,Emilie,David,emiliedavid,mlkjihghed,2018-02-02T12:35:55.,ENGINEER,35 View Street,NORMAN,71960
Mme,Genevieve,Roux,genevieveroux,nmlkjihife,2003-07-10T15:12:22.,TRADER,27 Ash Street,AQUEBOGUE,11931
Mme,Celine,Lefebvre,celinelefebvre,onmlkjijgf,2003-03-02T09:14:57.,SALES,34 Forest Street,NEW LEIPZIG,58562
M.,Franck,Richard,franckrichard,ponmlkjkhg,2020-05-11T13:22:49.,ENGINEER,36 7th Street,VALRICO,33594
M.,Jerome,Martin,jeromemartin,qponmlklih,2000-03-17T14:50:09.,ENGINEER, ,,
Mme,Monique,Moreau,moniquemoreau,rqponmlmji,2010-10-11T08:40:12.,TRADER,29 South Street,EDWALL,99008
Mme,Emilie,Richard,emilierichard,srqponmnkj,2004-06-15T09:09:42.,ENGINEER,22 Seventh Street,WILLOW CITY,78675
Mme,Laetitia,Richard,laetitiarichard,tsrqponolk,2016-12-07T10:45:54.,ENGINEER,12 Jefferson Street,DUBBERLY,71024
Mme,Nicole,Richard,nicolerichard,utsrqpopml,2011-11-16T08:11:21.,SALES,47 First Street,SAINT CHARLES,50240
Mme,Jeannine,Morel,jeanninemorel,vutsrqpqnm,2008-11-16T16:58:11.,SALES,8 East Street,AMBERSON,17210
M.,Francois,Martin,francoismartin,wvutsrqron,2004-10-23T10:58:40.,SALES,49 First Street,DUNNIGAN,95937
M.,Claude,David,claudedavid,xwvutsrspo,2016-01-13T13:55:39.,SALES,39 Hickory Street,BELTSVILLE,20704
M.,Roger,Bernard,rogerbernard,yxwvutstqp,2016-11-23T16:45:58.,SALES,10 South Street,MONTARA,94037
M.,Marcel,Dubois,marceldubois,zyxwvuturq,2007-05-05T11:39:09.,TRADER,38 Elm Street,ISLAND PARK,11558
Mme,Denise,Laurent,deniselaurent,_zyxwvuvsr,2020-02-23T15:58:24.,TRADER,15 Church Street,MCCLELLAN AFB,95652
Mme,Caroline,Robert,carolinerobert,a_zyxwvwts,2010-09-19T11:34:57.,ENGINEER,25 Willow Street,CENTRAHOMA,74534
M.,Gerard,Leroy,gerardleroy0,ba_zyxwxut,2002-09-13T12:10:18.,SALES, ,,
M.,Francois,Bertrand,francoisbertrand,cba_zyxyvu,2002-11-09T12:32:43.,TRADER,40 Smith Street,VANCOUVER,98665
Mme,Colette,Lefèvre,colettelefèvre,dcba_zyzwv,2010-12-07T10:59:51.,ENGINEER,18 Walnut Street,BIG LAKE,76932
Mme,Francoise,Durand,francoisedurand,edcba_z_xw,2008-10-29T12:06:21.,TRADER,38 5th Street,MONT CLARE,19453
Mme,Genevieve,Thomas,genevievethomas,fedcba_ayx,2019-04-05T15:13:46.,SALES,35 Tenth Street,OFFERMAN,31556
M.,Franck,Michel,franckmichel,gfedcbabzy,2017-04-27T08:34:40.,TRADER, ,,
M.,Olivier,Mercier,oliviermercier,hgfedcbc_z,2008-04-30T09:23:55.,SALES,40 Davis Street,RENVILLE,56284
M.,Vincent,Vincent,vincentvincent,ihgfedcda_,2016-09-07T12:01:45.,TRADER,31 View Street,VANCLEVE,41385
Mme,Dominique,Leroy,dominiqueleroy,jihgfedeba,2014-05-02T12:28:39.,ENGINEER,7 South Street,CLINTON,98236
Mme,Nicole,Moreau,nicolemoreau,kjihgfefcb,2012-01-17T14:42:56.,SALES,45 First Street,LAWRENCE,15055
M.,Jean-Pierre,Martin,jean-pierremartin,lkjihgfgdc,2002-07-21T16:54:35.,SALES,36 Poplar Street,REED,42451
M.,Rene,Girard,renegirard,mlkjihghed,2012-02-01T16:07:02.,TRADER,6 9th Street,GRAND PRAIRIE,75053
Mme,Claire,Vincent,clairevincent,nmlkjihife,2014-06-21T16:01:40.,SALES, ,,
Mme,Marie,Lefèvre,marielefèvre,onmlkjijgf,2001-02-15T10:35:54.,ENGINEER,7 North Street,COLLIERSVILLE,13747
Mme,Michele,Martin,michelemartin,ponmlkjkhg,2000-10-27T11:55:16.,SALES,23 Park Street,COOSA,30129
M.,Christian,Roux,christianroux,qponmlklih,2007-12-30T15:58:22.,SALES, ,,
M.,Christian,Richard,christianrichard,rqponmlmji,2004-08-24T13:21:49.,SALES,8 15th Street,TINTAH,56583
Mme,Francoise,Martin,francoisemartin,srqponmnkj,2016-03-07T10:06:09.,TRADER,45 Elm Street,KINGSTON,64650
M.,Paul,Martin,paulmartin0,tsrqponolk,2002-05-09T14:49:37.,ENGINEER,10 River Street,MEDICINE LAKE,59247
Mme,Genevieve,Thomas,genevievethomas0,utsrqpopml,2017-06-03T16:53:45.,TRADER,21 7th Street,GEORGE,51237
Mme,Corinne,Durand,corinnedurand,vutsrqpqnm,2013-02-02T14:50:47.,SALES, ,,
Mme,Brigitte,Durand,brigittedurand,wvutsrqron,2013-12-10T14:40:34.,TRADER,10 Ash Street,EAST HARTLAND,6027
Mme,Jeannine,Leroy,jeannineleroy,xwvutsrspo,2016-05-01T16:34:09.,TRADER,37 Forest Street,REDWOOD VALLEY,95470
Mme,Chantal,Robert,chantalrobert,yxwvutstqp,2017-08-17T13:52:42.,ENGINEER,50 Wilson Street,LANSE,16849
M.,Dominique,Garcia,dominiquegarcia0,zyxwvuturq,2012-10-11T15:14:04.,TRADER,30 Madison Street,DENMARK,4022
Mme,Florence,Martin,florencemartin0,0zyxwvuvsr,2018-05-11T12:35:43.,TRADER, ,,
M.,Guy,Garcia,guygarcia,10zyxwvwts,2004-08-15T11:54:01.,ENGINEER, ,,
M.,Gerard,Vincent,gerardvincent,210zyxwxut,2009-09-22T16:26:37.,TRADER,12 Center Street,SMITHVILLE FLATS,13841
Mme,Christelle,Girard,christellegirard,3210zyxyvu,2000-11-14T08:19:53.,TRADER,38 Ridge Street,BEVERLY HILLS,90212
Mme,Audrey,Durand,audreydurand,43210zyzwv,2010-06-19T13:33:39.,ENGINEER, ,,
Mme,Genevieve,Simon,genevievesimon,543210z0xw,2004-03-05T15:45:42.,TRADER,29 Maple Street,WAUNETA,69045
M.,Marcel,Martin,marcelmartin,65432101yx,2017-05-28T09:01:46.,ENGINEER,25 Broadway Street,GERMFASK,49836
M.,Thierry,Moreau,thierrymoreau,76543212zy,2020-03-10T10:20:24.,TRADER,11 Maple Street,SAN CRISTOBAL,87564
Mme,Nicole,Lefebvre,nicolelefebvre0,876543230z,2003-09-17T14:45:00.,TRADER,6 7th Street,FOREMAN,71836
M.,Francois,Durand,francoisdurand,9876543510,2013-02-16T08:56:38.,SALES,30 Lincoln Street,BREWSTER,68821
Mme,Corinne,Leroy,corinneleroy,a987654621,2005-07-09T14:07:38.,TRADER, ,,
Mme,Paulette,Vincent,paulettevincent,ba98765732,2000-01-12T13:46:09.,TRADER,19 Pine Street,EMBARRASS,55732
Mme,Paulette,Martin,paulettemartin,cba9876843,2018-08-24T16:22:32.,TRADER,19 Jackson Street,JOLO,24850
M.,Michel,Garcia,michelgarcia,dcba987954,2018-09-15T12:15:42.,TRADER, ,,
Mme,Paulette,Richard,pauletterichard,edcba98a65,2014-05-11T13:24:30.,SALES,20 Washington Street,WARDENSVILLE,26851
M.,Guillaume,Bernard,guillaumebernard,fedcba9b76,2019-11-12T12:30:36.,SALES,23 Second Street,WITTER,72776
M.,Michel,Laurent,michellaurent,gfedcbac87,2002-07-12T08:01:02.,SALES,46 4th Street,ROCKPORT,26169
M.,Jean,Michel,jeanmichel,hgfedcbd98,2005-09-09T16:54:37.,ENGINEER,7 Poplar Street,SAINT PAUL,97137
Mme,Denise,Laurent,deniselaurent0,ihgfedcea9,2006-04-14T09:22:26.,SALES, ,,
M.,Alexandre,Martin,alexandremartin0,jihgfedfba,2005-11-24T13:03:19.,TRADER,11 Pine Street,PHOENIX,85013
M.,Julien,Thomas,julienthomas,kjihgfegcb,2004-04-04T09:38:21.,SALES,13 Mill Street,CRUMROD,72328
Mme,Cecile,Martin,cecilemartin,lkjihgfhdc,2011-10-31T16:21:14.,ENGINEER,29 Woodland Street,REYNOLDS,31076
M.,Laurent,Fournier,laurentfournier,mlkjihgied,2012-11-25T13:05:19.,SALES,26 Smith Street,HAMMONDSPORT,14840
M.,Claude,Bertrand,claudebertrand,nmlkjihjfe,2010-06-01T12:14:49.,TRADER,21 Franklin Street,SOUTH KORTRIGHT,13842
M.,Robert,Morel,robertmorel,onmlkjikgf,2002-11-24T13:42:55.,ENGINEER,45 Chestnut Street,SOUTH BAY,33493
Mme,Brigitte,Fournier,brigittefournier,ponmlkjlhg,2009-08-24T15:05:16.,TRADER, ,,
M.,Henri,Fournier,henrifournier,qponmlkmih,2010-07-27T13:17:28.,TRADER, ,,
M.,Jean,Robert,jeanrobert,rqponmlnji,2018-08-06T13:03:18.,SALES, ,,
Mme,Christiane,Bernard,christianebernard,srqponmokj,2000-01-13T10:06:00.,SALES,46 Lake Street,CORONA,11368
M.,Paul,Leroy,paulleroy,tsrqponplk,2006-01-02T12:57:37.,ENGINEER,19 Lee Street,JERSEY CITY,7304
M.,Frederic,Bertrand,fredericbertrand,utsrqpoqml,2004-04-17T10:14:10.,SALES,48 Woodland Street,WESTLAND,48185
M.,Joseph,Bertrand,josephbertrand,vutsrqprnm,2015-08-31T11:47:26.,SALES, ,,
Mme,Christiane,Fournier,christianefournier,wvutsrqson,2009-11-24T11:15:30.,ENGINEER,5 Wilson Street,LATHROP,95330
M.,Vincent,André,vincentandré,xwvutsrtpo,2020-02-19T10:06:29.,SALES,35 Maple Street,MOUNT CRAWFORD,22841
Mme,Andree,Martin,andreemartin,yxwvutsuqp,2001-09-13T16:47:33.,ENGINEER,25 Lee Street,LOTUS,95651
Mme,Audrey,Fournier,audreyfournier,zyxwvutvrq,2007-07-24T09:35:11.,ENGINEER, ,,
Mme,Genevieve,Simon,genevievesimon0,_zyxwvuwsr,2015-09-06T16:45:54.,SALES,40 6th Street,LIBERTY LAKE,99019
M.,Eric,David,ericdavid,a_zyxwvxts,2004-07-05T08:45:47.,TRADER,7 4th Street,PUNXSUTAWNEY,15767
Mme,Dominique,Durand,dominiquedurand,ba_zyxwyut,2006-01-21T09:49:25.,TRADER, ,,
M.,Claude,Martin,claudemartin,cba_zyxzvu,2008-03-03T13:52:40.,TRADER, ,,
Mme,Michele,Bertrand,michelebertrand,dcba_zy_wv,2012-09-07T16:25:21.,ENGINEER,2 Central Street,KIRON,51448
M.,Jacques,Petit,jacquespetit,edcba_zaxw,2008-01-13T14:07:22.,SALES, ,,
Mme,Monique,Dubois,moniquedubois,fedcba_byx,2007-04-26T12:15:31.,TRADER,14 Park Street,ELBERTON,30635
M.,Guy,Thomas,guythomas,gfedcbaczy,2018-05-09T08:32:33.,ENGINEER,33 Cedar Street,VINTON,52349
Mme,Florence,Roux,florenceroux,hgfedcbd_z,2018-07-06T16:38:57.,SALES,41 12th Street,LASHMEET,24733
M.,Roger,Girard,rogergirard,ihgfedcea_,2011-04-11T16:19:21.,TRADER,10 Eleventh Street,CHANNAHON,60410
M.,Christian,Robert,christianrobert,jihgfedfba,2000-03-08T08:20:04.,SALES,13 1st Street,ERWINNA,18920
M.,Rene,Leroy,reneleroy0,kjihgfegcb,2017-07-28T14:32:54.,ENGINEER,6 Madison Street,NATRONA HEIGHTS,15065
Mme,Denise,Lefebvre,deniselefebvre,lkjihgfhdc,2003-11-11T09:23:22.,ENGINEER,30 Oak Street,DOLOMITE,35061
M.,Eric,Petit,ericpetit,mlkjihgied,2004-09-28T14:05:09.,ENGINEER, ,,
M.,Marcel,Richard,marcelrichard,nmlkjihjfe,2002-02-16T11:12:00.,TRADER,30 Eighth Street,MOUNT LOOKOUT,26678
M.,Laurent,Simon,laurentsimon,onmlkjikgf,2008-02-21T10:46:52.,ENGINEER,6 North Street,GRAND CANE,71032
M.,Guy,Michel,guymichel,ponmlkjlhg,2018-02-14T09:42:25.,TRADER,9 Madison Street,TENDOY,83468
M.,Dominique,Vincent,dominiquevincent,qponmlkmih,2006-02-02T15:20:41.,TRADER,41 Pine Street,SWISSHOME,97480
Mme,Andree,Morel,andreemorel,rqponmlnji,2011-11-13T11:03:20.,ENGINEER, ,,
Mme,Paulette,Michel,paulettemichel,srqponmokj,2016-08-08T08:31:55.,TRADER,41 9th Street,AUBURNDALE,54412
Mme,Brigitte,Michel,brigittemichel,tsrqponplk,2009-08-19T13:08:59.,TRADER,36 Fourth Street,HAMPTON,8827
M.,Roger,Dubois,rogerdubois,utsrqpoqml,2005-01-25T08:01:07.,ENGINEER,11 Jackson Street,SOUTH MONTROSE,18843
M.,Dominique,Thomas,dominiquethomas,vutsrqprnm,2005-01-24T10:58:32.,SALES,4 First Street,KANKAKEE,60901
Mme,Francoise,Thomas,francoisethomas0,wvutsrqson,2020-07-31T13:15:09.,ENGINEER,3 Pine Street,IRVINGTON,62848
Mme,Josette,Dubois,josettedubois0,xwvutsrtpo,2015-04-15T08:15:29.,SALES,12 9th Street,WALDO,71770
Mme,Audrey,Mercier,audreymercier,yxwvutsuqp,2014-11-01T12:27:36.,SALES,44 Ridge Street,BUCYRUS,44820
Mme,Anne,Martin,annemartin,zyxwvutvrq,2010-08-14T08:34:13.,ENGINEER,29 Cedar Street,MAYBEURY,24861
Mme,Josette,Garcia,josettegarcia,0zyxwvuwsr,2002-03-03T10:20:04.,TRADER,37 Meadow Street,BLUNT,57522
M.,Henri,Michel,henrimichel,10zyxwvxts,2012-07-05T11:25:57.,ENGINEER,30 Jackson Street,LANE CITY,77453
M.,Jacques,Michel,jacquesmichel,210zyxwyut,2000-11-21T11:11:37.,ENGINEER,2 Park Street,GRAWN,49637
Mme,Dominique,Lefebvre,dominiquelefebvre,3210zyxzvu,2001-06-13T14:03:34.,TRADER,37 Church Street,GALLATIN,64640
Mme,Marcelle,Dubois,marcelledubois,43210zy0wv,2013-09-07T15:52:49.,ENGINEER, ,,
Mme,Christiane,Richard,christianerichard,543210z1xw,2002-07-11T14:18:07.,ENGINEER,25 2nd Street,BEAR CREEK,18602
M.,Julien,David,juliendavid,65432102yx,2003-03-24T08:57:11.,TRADER, ,,
Mme,Claudine,Vincent,claudinevincent,76543213zy,2009-07-24T14:42:18.,SALES,43 Oak Street,ENGLISH,24832
M.,George,Petit,georgepetit,876543240z,2018-02-16T10:49:58.,TRADER,47 Maple Street,ETNA,83118
M.,Pierre,Lefèvre,pierrelefèvre,9876543610,2009-05-06T15:36:44.,TRADER,50 Spruce Street,IDAHO FALLS,83403
M.,Frederic,Mercier,fredericmercier,a987654721,2014-11-01T11:08:23.,TRADER,31 Wilson Street,REDCREST,95569
M.,Philippe,Garcia,philippegarcia,ba98765832,2012-08-02T13:47:35.,ENGINEER,33 Mill Street,REDMOND,97756
Mme,Elisabeth,André,elisabethandré,cba9876943,2018-08-26T09:12:33.,TRADER,3 Forest Street,SHELDON,29941
Mme,Laetitia,Lefèvre,laetitialefèvre,dcba987a54,2018-07-13T11:58:14.,SALES,13 Sycamore Street,MONROE,68647
Mme,Margeuerite,Morel,margeueritemorel,edcba98b65,2012-01-03T14:16:25.,TRADER,39 Central Street,DEER TRAIL,80105
M.,Jean,Robert,jeanrobert0,fedcba9c76,2019-05-23T12:04:59.,TRADER,11 Mill Street,CHATHAM,49816
Mme,Aurelie,Michel,aureliemichel,gfedcbad87,2015-12-01T16:33:41.,ENGINEER,44 6th Street,WILLOW HILL,17271
Mme,Jacqueline,Simon,jacquelinesimon,hgfedcbe98,2013-05-31T11:52:14.,SALES,38 2nd Street,BILLINGS,12510
Mme,Christelle,Fournier,christellefournier,ihgfedcfa9,2004-08-29T11:09:11.,ENGINEER,8 North Street,LYDIA,70569
Mme,Danielle,Thomas,daniellethomas,jihgfedgba,2008-04-27T09:39:18.,ENGINEER,24 Hillcrest Street,BOOTH,36008
M.,Yves,Leroy,yvesleroy,kjihgfehcb,2003-06-16T13:32:44.,ENGINEER,32 Second Street,GASQUET,95543
Mme,Elodie,Vincent,elodievincent0,lkjihgfidc,2012-02-11T15:41:59.,TRADER,22 Jefferson Street,MC ADENVILLE,28101
Mme,Elisabeth,Robert,elisabethrobert,mlkjihgjed,2007-02-01T15:25:25.,SALES,19 Woodland Street,BEJOU,56516
Mme,Elodie,Dubois,elodiedubois,nmlkjihkfe,2002-06-30T09:22:05.,SALES,32 Valley Street,FALCON HEIGHTS,78545
Mme,Colette,Simon,colettesimon,onmlkjilgf,2013-02-14T14:30:44.,TRADER,48 Main Street,VALLEY HEAD,26294
M.,Frederic,Durand,fredericdurand,ponmlkjmhg,2014-11-06T16:09:05.,SALES,32 2nd Street,EXCELSIOR SPRINGS,64024
M.,Olivier,Morel,oliviermorel,qponmlknih,2019-03-23T11:06:39.,TRADER,2 5th Street,KENTON,41053
Mme,Audrey,Lefèvre,audreylefèvre,rqponmloji,2000-12-31T08:20:20.,SALES,24 1st Street,AVONDALE,24811
M.,Claude,Roux,clauderoux,srqponmpkj,2007-04-16T11:06:55.,SALES,21 East Street,ECHO,84024
Mme,Jacqueline,Garcia,jacquelinegarcia,tsrqponqlk,2007-06-16T09:24:28.,SALES,49 Third Street,WODEN,50484
Mme,Christine,Thomas,christinethomas,utsrqporml,2015-06-25T11:38:45.,SALES,13 Valley Street,PECKS MILL,25547
Mme,Monique,Garcia,moniquegarcia,vutsrqpsnm,2016-01-02T09:57:33.,SALES,10 7th Street,BOZMAN,21612
M.,Rene,Petit,renepetit,wvutsrqton,2003-01-18T08:22:03.,ENGINEER,30 Maple Street,YUKON,24899
Mme,Margeuerite,Laurent,margeueritelaurent,xwvutsrupo,2017-10-18T08:09:16.,SALES,20 North Street,BOULEVARD,91905
M.,Jean,Richard,jeanrichard,yxwvutsvqp,2018-03-21T14:27:58.,TRADER,28 6th Street,MINDEN,75680
M.,Rene,Thomas,renethomas,zyxwvutwrq,2019-04-10T10:23:11.,ENGINEER,19 Green Street,WHITTINGTON,62897
Mme,Catherine,Petit,catherinepetit,_zyxwvuxsr,2006-12-11T09:47:08.,TRADER,48 3rd Street,MID MISSOURI,65299
M.,Alexandre,Dubois,alexandredubois,a_zyxwvyts,2003-05-07T12:10:37.,SALES,32 Williams Street,PORTALES,88130
M.,Bernard,Leroy,bernardleroy,ba_zyxwzut,2013-10-01T09:34:23.,SALES,15 4th Street,ROLLIN,49278
Mme,Marcelle,Morel,marcellemorel,cba_zyx_vu,2004-12-01T09:52:38.,ENGINEER, ,,
Mme,Natalie,Michel,nataliemichel,dcba_zyawv,2008-04-29T14:59:42.,TRADER,21 9th Street,BLENHEIM,29516
M.,Jerome,Roux,jeromeroux,edcba_zbxw,2013-04-21T11:54:36.,ENGINEER,18 Walnut Street,NAHUNTA,31553
Mme,Caroline,Leroy,carolineleroy,fedcba_cyx,2020-08-16T08:14:28.,ENGINEER,40 Madison Street,CLARENCE,16829
Mme,Laetitia,Fournier,laetitiafournier,gfedcbadzy,2005-07-02T10:14:17.,SALES,11 Ridge Street,EGG HARBOR TOWNSHIP,8234
M.,Jerome,Durand,jeromedurand,hgfedcbe_z,2016-11-19T10:54:02.,ENGINEER,3 Johnson Street,STANTON,63079
M.,Patrick,Martin,patrickmartin,ihgfedcfa_,2008-12-19T09:05:46.,SALES, ,,
Mme,Laurence,Petit,laurencepetit,jihgfedgba,2005-09-16T09:45:40.,TRADER,32 Cherry Street,IRVINGTON,40146
Mme,Elisabeth,Moreau,elisabethmoreau,kjihgfehcb,2010-02-28T13:35:59.,ENGINEER, ,,
Mme,Martine,Richard,martinerichard,lkjihgfidc,2012-08-21T14:18:01.,TRADER,44 Ash Street,LA PLATA,20646
M.,Michel,Lefebvre,michellefebvre,mlkjihgjed,2002-06-03T16:12:15.,SALES, ,,
M.,Olivier,Richard,olivierrichard,nmlkjihkfe,2011-02-04T13:10:20.,ENGINEER,43 Central Street,DUNFERMLINE,61524
M.,George,Simon,georgesimon,onmlkjilgf,2002-09-07T13:20:10.,ENGINEER,45 First Street,MAPLE,79344
Mme,Audrey,Durand,audreydurand0,ponmlkjmhg,2019-06-22T13:59:16.,ENGINEER,48 Taylor Street,MERCED,95341
Mme,Natalie,Bertrand,nataliebertrand,qponmlknih,2014-02-21T11:32:17.,SALES, ,,
Mme,Jeanne,Dubois,jeannedubois0,rqponmloji,2019-02-02T11:36:18.,TRADER,5 Jefferson Street,BLUE HILL FALLS,4615
Mme,Catherine,Dubois,catherinedubois,srqponmpkj,2009-02-18T11:40:31.,ENGINEER,13 Maple Street,STAR,27356
Mme,Cecile,Robert,cecilerobert,tsrqponqlk,2003-08-03T10:43:41.,ENGINEER,3 2nd Street,FELICITY,45120
Mme,Martine,Richard,martinerichard0,utsrqporml,2018-06-04T10:04:16.,TRADER,11 Hill Street,MURRAY CITY,43144
Mme,Margeuerite,Durand,margeueritedurand,vutsrqpsnm,2019-12-28T12:07:57.,SALES,31 Cedar Street,DYER,38330
M.,Marc,Moreau,marcmoreau,wvutsrqton,2005-08-01T08:19:18.,SALES,16 North Street,MALIN,97632
M.,Thomas,Thomas,thomasthomas,xwvutsrupo,2017-07-08T16:40:52.,TRADER,23 Pine Street,HERMOSA,57744
Mme,Genevieve,Durand,genevievedurand,yxwvutsvqp,2008-06-28T12:31:09.,ENGINEER, ,,
M.,Maurice,Martin,mauricemartin,zyxwvutwrq,2000-01-21T10:15:13.,TRADER,44 11th Street,ALFRED,14802
Mme,Margeuerite,Lefebvre,margeueritelefebvre,0zyxwvuxsr,2002-04-08T10:24:31.,TRADER, ,,
Mme,Emilie,Richard,emilierichard0,10zyxwvyts,2005-10-22T15:14:49.,SALES,44 7th Street,PACIFIC BEACH,98571
M.,Guillaume,Bernard,guillaumebernard0,210zyxwzut,2016-03-13T08:45:03.,ENGINEER,8 Lincoln Street,GREEN SEA,29545
Mme,Madeleine,Martin,madeleinemartin,3210zyx0vu,2005-02-06T15:48:51.,TRADER,48 Meadow Street,NEW VINEYARD,4956
Mme,Josette,Bernard,josettebernard,43210zy1wv,2017-12-09T11:00:13.,ENGINEER,9 Park Street,SOUTH NEWBURY,3272
Mme,Bernadette,Martin,bernadettemartin,543210z2xw,2011-09-08T12:01:21.,TRADER,40 2nd Street,HAWLEYVILLE,6440
Mme,Elodie,Michel,elodiemichel,65432103yx,2011-01-18T13:03:22.,TRADER,32 Lake Street,HOMER CITY,15748
Mme,Michele,Dubois,micheledubois,76543214zy,2017-03-12T15:55:16.,TRADER,10 1st Street,SOUR LAKE,77659
M.,David,Martin,davidmartin,876543250z,2015-05-18T12:01:50.,TRADER,38 Lincoln Street,NORFOLK,23518
Mme,Catherine,Laurent,catherinelaurent0,9876543710,2005-11-18T15:04:26.,TRADER,49 Oak Street,CORYDON,47112
M.,Gerard,Michel,gerardmichel,a987654821,2006-12-29T12:38:31.,SALES, ,,
Mme,Anne,Mercier,annemercier,ba98765932,2009-05-08T16:13:15.,ENGINEER, ,,
M.,Pascal,Vincent,pascalvincent,cba9876a43,2004-05-09T15:17:19.,SALES,9 Washington Street,PORT SULPHUR,70083
Mme,Catherine,Martin,catherinemartin,dcba987b54,2006-06-30T11:01:32.,TRADER,34 Broadway Street,LIBERTY,25124
Mme,Paulette,David,paulettedavid,edcba98c65,2011-10-13T11:23:03.,ENGINEER,22 Park Street,LAMAR,72846
Mme,Madeleine,Dubois,madeleinedubois,fedcba9d76,2003-02-28T11:50:48.,ENGINEER, ,,
M.,Christian,Roux,christianroux0,gfedcbae87,2000-08-14T09:12:48.,SALES,44 Williams Street,KECHI,67067
M.,Andre,Lefèvre,andrelefèvre,hgfedcbf98,2015-01-17T11:19:25.,ENGINEER,45 First Street,WARDVILLE,74576
M.,Marc,Morel,marcmorel,ihgfedcga9,2008-12-19T09:29:09.,ENGINEER,21 Main Street,SALYER,95563
Mme,Denise,Mercier,denisemercier,jihgfedhba,2015-02-20T16:36:16.,TRADER,5 Pine Street,RYE,10580
Mme,Jacqueline,Moreau,jacquelinemoreau,kjihgfeicb,2011-10-18T15:09:16.,SALES,8 Maple Street,HONEY CREEK,51542
M.,Joseph,Richard,josephrichard,lkjihgfjdc,2019-03-06T11:36:08.,TRADER,47 Mill Street,KENVIR,40847
Mme,Genevieve,Vincent,genevievevincent,mlkjihgked,2000-04-29T09:04:30.,SALES,25 3rd Street,GATE,73844
Mme,Jacqueline,Lefebvre,jacquelinelefebvre,nmlkjihlfe,2014-03-01T11:14:42.,TRADER,35 Cedar Street,SHEPARDSVILLE,47880
M.,Joseph,Roux,josephroux,onmlkjimgf,2005-02-28T16:41:55.,TRADER,37 View Street,LOMA LINDA,92350
M.,Yves,Garcia,yvesgarcia,ponmlkjnhg,2000-02-22T15:12:57.,ENGINEER, ,,
M.,Jean-Pierre,Laurent,jean-pierrelaurent,qponmlkoih,2001-09-19T10:04:09.,ENGINEER,34 Woodland Street,WESTPHALIA,66093
Mme,Renee,Garcia,reneegarcia,rqponmlpji,2014-06-06T08:44:08.,SALES,36 Tenth Street,NICHOLS,29581
Mme,Bernadette,Petit,bernadettepetit,srqponmqkj,2017-01-01T09:44:54.,TRADER,11 Fifth Street,COLLINSVILLE,45004
Mme,Florence,Roux,florenceroux0,tsrqponrlk,2015-06-20T11:38:52.,TRADER,14 Green Street,FOLCROFT,19032
M.,Laurent,André,laurentandré,utsrqposml,2017-04-24T15:19:20.,SALES, ,,
M.,Christian,Richard,christianrichard0,vutsrqptnm,2004-07-22T08:13:06.,SALES,26 Wilson Street,HULL,77564
M.,Bernard,Lefebvre,bernardlefebvre,wvutsrquon,2009-12-17T15:55:13.,SALES,19 Davis Street,BROADWAY,43007
M.,Jean-Pierre,Robert,jean-pierrerobert,xwvutsrvpo,2018-11-11T09:34:59.,ENGINEER,17 Railroad Street,GORIN,63543
Mme,Jacqueline,Fournier,jacquelinefournier,yxwvutswqp,2010-11-18T11:08:06.,ENGINEER,35 Valley Street,MANSON,98831
M.,Maurice,Garcia,mauricegarcia0,zyxwvutxrq,2006-02-04T15:09:32.,SALES,42 Broadway Street,ADA,56510
M.,Yves,Girard,yvesgirard,_zyxwvuysr,2015-05-02T13:45:06.,ENGINEER,50 Williams Street,VAUGHN,98394
Mme,Celine,Dubois,celinedubois,a_zyxwvzts,2014-05-15T13:59:54.,ENGINEER,37 Laurel Street,SCOTIA,95565
Mme,Marie,Bernard,mariebernard,ba_zyxw_ut,2001-02-21T10:46:46.,SALES,32 4th Street,EAST GRAND FORKS,56721
M.,Daniel,Laurent,daniellaurent,cba_zyxavu,2016-04-28T10:03:11.,ENGINEER,21 Main Street,HOLLY SPRINGS,30142
M.,Laurent,Lefebvre,laurentlefebvre,dcba_zybwv,2007-01-26T09:54:35.,TRADER,24 Miller Street,WEST WARDSBORO,5360
M.,Bernard,David,bernarddavid,edcba_zcxw,2019-02-01T11:15:14.,SALES,10 Maple Street,WOONSOCKET,2895
M.,Christophe,Morel,christophemorel,fedcba_dyx,2002-03-19T13:18:41.,ENGINEER,20 Hill Street,HORTON,35980
M.,Daniel,Vincent,danielvincent,gfedcbaezy,2017-06-26T08:01:28.,SALES,16 Hickory Street,NEWDALE,83436
M.,Francois,Michel,francoismichel,hgfedcbf_z,2019-06-16T12:55:06.,ENGINEER,5 Hickory Street,WELLSVILLE,17365
M.,Philippe,Vincent,philippevincent,ihgfedcga_,2018-10-07T12:40:09.,TRADER,46 Green Street,KALAMA,98625
Mme,Jeanne,Girard,jeannegirard,jihgfedhba,2017-06-21T14:21:40.,TRADER,24 Forest Street,CASTRO VALLEY,94552
Mme,Josette,Michel,josettemichel,kjihgfeicb,2019-06-23T10:52:17.,SALES,19 Oak Street,LITTLETON,27850
M.,Eric,Moreau,ericmoreau,lkjihgfjdc,2002-01-18T14:02:45.,SALES,2 6th Street,EDGAR,54426
M.,Dominique,Simon,dominiquesimon,mlkjihgked,2012-01-06T14:13:23.,ENGINEER,42 Hickory Street,FORT MYERS BEACH,33932
Mme,Marcelle,Michel,marcellemichel,nmlkjihlfe,2019-11-28T13:04:45.,TRADER, ,,
M.,Louis,Vincent,louisvincent,onmlkjimgf,2007-05-26T11:37:35.,SALES,43 Elm Street,WATERTOWN,13603
Mme,Claire,Bernard,clairebernard,ponmlkjnhg,2005-11-12T08:39:46.,ENGINEER,6 Tenth Street,BLUM,76627
Mme,Marcelle,Bernard,marcellebernard0,qponmlkoih,2002-03-20T16:36:59.,ENGINEER,11 Davis Street,MECHANICVILLE,12118
Mme,Genevieve,Morel,genevievemorel,rqponmlpji,2019-08-28T14:19:18.,ENGINEER,45 Ridge Street,BEAVERCREEK,97004
Mme,Dominique,Durand,dominiquedurand0,srqponmqkj,2004-09-01T09:05:18.,ENGINEER, ,,
M.,Julien,Morel,julienmorel0,tsrqponrlk,2020-04-28T13:23:13.,TRADER,26 Hillcrest Street,OAK PARK,56357
M.,Sebastien,Morel,sebastienmorel,utsrqposml,2006-07-18T11:11:44.,TRADER,12 Maple Street,BLUE MOUND,62513
M.,Philippe,Roux,philipperoux,vutsrqptnm,2018-07-01T15:12:31.,SALES,36 Lee Street,HIGHLAND FALLS,10928
M.,Thomas,Lefèvre,thomaslefèvre,wvutsrquon,2003-09-26T09:10:32.,ENGINEER,47 Center Street,AMISTAD,88410
Mme,Elodie,Martin,elodiemartin,xwvutsrvpo,2005-04-12T12:16:22.,ENGINEER,1 Oak Street,COCHRANVILLE,19330
Mme,Madeleine,Durand,madeleinedurand,yxwvutswqp,2003-04-10T11:16:42.,ENGINEER,10 Lincoln Street,BONNERDALE,71933
Mme,Colette,Lefebvre,colettelefebvre,zyxwvutxrq,2015-06-07T12:55:43.,ENGINEER,22 Cedar Street,KING COVE,99612
Mme,Jeannine,Thomas,jeanninethomas,0zyxwvuysr,2008-09-21T14:53:41.,ENGINEER,20 Park Street,CANAL FULTON,44614
M.,Serge,Laurent,sergelaurent,10zyxwvzts,2004-09-17T11:53:14.,SALES,20 Fifth Street,GREENVILLE,2828
Mme,Isabelle,Dubois,isabelledubois,210zyxw0ut,2008-07-17T15:47:20.,ENGINEER,15 Pine Street,MOUNT PLEASANT,75455
Mme,Colette,Lefebvre,colettelefebvre0,3210zyx1vu,2004-07-27T11:27:07.,SALES,3 Fourth Street,VIRGINIA CITY,59755
Mme,Celine,Robert,celinerobert,43210zy2wv,2013-06-18T14:27:24.,ENGINEER,5 Poplar Street,SENTINEL BUTTE,58654
Mme,Colette,Vincent,colettevincent,543210z3xw,2011-06-24T10:26:06.,SALES,7 Poplar Street,MARIANNA,32447
Mme,Andree,Durand,andreedurand,65432104yx,2012-01-13T10:09:30.,ENGINEER,17 Spruce Street,STUYVESANT,12173
M.,Patrick,Simon,patricksimon,76543215zy,2005-08-24T08:15:40.,ENGINEER,38 Main Street,SUGARTOWN,70662
M.,Jacques,Michel,jacquesmichel0,876543260z,2003-09-18T15:33:01.,SALES, ,,
Mme,Elodie,Robert,elodierobert,9876543810,2002-05-20T11:15:48.,TRADER, ,,
Mme,Emilie,Richard,emilierichard1,a987654921,2019-03-07T09:08:58.,ENGINEER,35 4th Street,DURHAM,63438
M.,Pierre,Martin,pierremartin,ba98765a32,2007-06-08T10:34:45.,ENGINEER, ,,
Mme,Patricia,Vincent,patriciavincent,cba9876b43,2018-09-02T09:25:30.,TRADER,35 Hillcrest Street,KANNAPOLIS,28083
Mme,Danielle,André,danielleandré,dcba987c54,2010-04-20T09:34:47.,SALES,24 9th Street,OHIO CITY,45874
M.,David,Lefebvre,davidlefebvre,edcba98d65,2001-12-18T11:30:18.,TRADER,30 Laurel Street,TALCOTT,24981
M.,Christian,Mercier,christianmercier,fedcba9e76,2019-06-29T08:31:57.,TRADER,34 Forest Street,HOMER CITY,15748
M.,Thomas,Martin,thomasmartin,gfedcbaf87,2001-03-23T14:46:00.,TRADER,1 Sixth Street,THREE BRIDGES,8887
M.,Jean,Roux,jeanroux,hgfedcbg98,2016-07-04T08:35:03.,SALES,28 9th Street,SOUTH GIBSON,18842
M.,Guillaume,Garcia,guillaumegarcia,ihgfedcha9,2008-09-27T10:17:07.,SALES,29 Railroad Street,SNELLVILLE,30039
Mme,Marie,Leroy,marieleroy,jihgfediba,2012-11-26T16:43:18.,TRADER,31 Hill Street,HOLLY RIDGE,38749
Mme,Caroline,Laurent,carolinelaurent,kjihgfejcb,2014-12-03T10:20:38.,SALES,21 Twelfth Street,BLOOMFIELD HILLS,48304
Mme,Christine,Martin,christinemartin,lkjihgfkdc,2016-09-18T09:56:44.,ENGINEER,44 Locust Street,GERLACH,89412
Mme,Annie,Vincent,annievincent,mlkjihgled,2008-08-22T13:31:16.,ENGINEER,1 Oak Street,RIVER FALLS,36476
M.,Vincent,André,vincentandré0,nmlkjihmfe,2011-12-24T11:57:51.,TRADER,26 Forest Street,TISHOMINGO,38873
Mme,Monique,Thomas,moniquethomas,onmlkjingf,2009-01-02T11:11:44.,SALES,16 Willow Street,HANLONTOWN,50444
Mme,Catherine,Richard,catherinerichard,ponmlkjohg,2015-10-09T14:30:31.,SALES,49 Mill Street,WOODS CROSS ROADS,23190
Mme,Elisabeth,David,elisabethdavid,qponmlkpih,2018-06-30T11:18:36.,ENGINEER, ,,
Mme,Madeleine,Robert,madeleinerobert0,rqponmlqji,2018-01-09T16:32:15.,TRADER,27 Third Street,HOUGHTON,49931
M.,Robert,Petit,robertpetit,srqponmrkj,2008-04-19T15:03:25.,SALES, ,,
M.,Guillaume,Moreau,guillaumemoreau,tsrqponslk,2005-07-17T14:16:04.,SALES,25 Eighth Street,POTTER,66077
M.,Yves,Fournier,yvesfournier,utsrqpotml,2008-12-23T15:36:45.,TRADER,31 Davis Street,BUFFALO,14206
M.,Nicolas,Leroy,nicolasleroy,vutsrqpunm,2013-07-16T11:55:00.,TRADER,40 Washington Street,DALLAS CITY,62330
Mme,Corinne,André,corinneandré,wvutsrqvon,2009-04-23T13:34:24.,TRADER,19 Park Street,WADESBORO,28170
Mme,Helene,Lefèvre,helenelefèvre0,xwvutsrwpo,2014-11-21T14:50:38.,TRADER,11 6th Street,BIG RUN,26561
M.,Rene,Petit,renepetit0,yxwvutsxqp,2011-10-30T13:31:34.,ENGINEER, ,,
Mme,Elisabeth,Dubois,elisabethdubois,zyxwvutyrq,2005-11-09T11:16:06.,SALES,21 View Street,VAN LEAR,41265
M.,Stephane,Thomas,stephanethomas,_zyxwvuzsr,2012-03-20T12:06:30.,SALES, ,,
Mme,Corinne,Morel,corinnemorel,a_zyxwv_ts,2006-07-11T15:15:32.,SALES, ,,
M.,Eric,Martin,ericmartin,ba_zyxwaut,2016-10-04T14:32:52.,TRADER,43 2nd Street,MAZOMANIE,53560
M.,Paul,Martin,paulmartin1,cba_zyxbvu,2020-07-03T14:36:26.,TRADER, ,,
Mme,Genevieve,Vincent,genevievevincent0,dcba_zycwv,2010-10-25T15:52:46.,ENGINEER,13 Central Street,DENTON,59430
M.,Yves,Bernard,yvesbernard,edcba_zdxw,2017-10-23T16:17:20.,ENGINEER,26 Jefferson Street,BLOCKER,74529
Mme,Catherine,Richard,catherinerichard0,fedcba_eyx,2006-04-27T15:25:35.,ENGINEER,33 Hickory Street,ASTATULA,34705
M.,Bruno,Martin,brunomartin,gfedcbafzy,2015-08-18T14:59:31.,TRADER,48 Hill Street,HEPZIBAH,26369
M.,Jacques,Garcia,jacquesgarcia0,hgfedcbg_z,2014-09-13T13:50:30.,TRADER,34 9th Street,ELLENTON,31747
M.,Guy,Morel,guymorel,ihgfedcha_,2016-06-25T14:19:46.,ENGINEER,29 Central Street,CAMP,72520
M.,Jerome,Martin,jeromemartin0,jihgfediba,2001-12-13T08:41:19.,SALES,19 Washington Street,SPRING VALLEY,45370
Mme,Marcelle,Richard,marcellerichard,kjihgfejcb,2020-05-29T10:08:53.,SALES,8 Washington Street,JOHNSTOWN,15906
Mme,Madeleine,Leroy,madeleineleroy,lkjihgfkdc,2014-08-24T08:16:58.,ENGINEER,26 Cedar Street,KELLY,28448
Mme,Renee,Dubois,reneedubois,mlkjihgled,2000-10-16T12:35:57.,TRADER,48 Fourth Street,NEW CASTLE,47362
Mme,Colette,Roux,coletteroux,nmlkjihmfe,2006-09-04T09:02:31.,TRADER,6 Fourth Street,HANCOCKS BRIDGE,8038
Mme,Florence,Michel,florencemichel,onmlkjingf,2015-02-19T11:33:58.,SALES,12 Sycamore Street,BATESVILLE,47006
Mme,Monique,Leroy,moniqueleroy,ponmlkjohg,2008-09-06T11:18:56.,SALES,48 South Street,TOPSHAM,4086
Mme,Christelle,Leroy,christelleleroy,qponmlkpih,2013-08-27T16:33:25.,SALES,8 Locust Street,WINCHESTER,92596
Mme,Jeanne,Roux,jeanneroux,rqponmlqji,2000-12-18T16:39:13.,SALES,3 Birch Street,DIVERNON,62530
M.,Michel,Roux,michelroux,srqponmrkj,2009-11-29T16:30:24.,ENGINEER,2 Washington Street,YELLOW JACKET,81335
M.,Serge,André,sergeandré,tsrqponslk,2006-04-12T12:23:50.,TRADER,41 Johnson Street,TYLERTOWN,39667
M.,Sebastien,Roux,sebastienroux,utsrqpotml,2001-08-20T15:11:01.,ENGINEER,18 Church Street,ADVANCE,46102
M.,Marcel,Thomas,marcelthomas,vutsrqpunm,2008-01-31T14:35:44.,ENGINEER,38 2nd Street,SOUTH BLOOMINGVILLE,43152
Mme,Renee,Leroy,reneeleroy,wvutsrqvon,2002-01-28T14:36:57.,ENGINEER, ,,
M.,Stephane,Martin,stephanemartin0,xwvutsrwpo,2007-04-03T15:25:38.,SALES,6 Main Street,OZAN,71855
Mme,Margeuerite,Thomas,margeueritethomas,yxwvutsxqp,2010-04-06T12:18:00.,TRADER,26 Washington Street,FRASER,80442
M.,Marc,Lefèvre,marclefèvre,zyxwvutyrq,2006-03-24T14:39:21.,SALES,10 Davis Street,ATHENS,62613
M.,Claude,David,claudedavid0,0zyxwvuzsr,2005-05-02T16:57:29.,ENGINEER,48 Valley Street,BANNING,92220
M.,Henri,Martin,henrimartin,10zyxwv0ts,2018-01-16T11:52:23.,TRADER,42 Railroad Street,NORTH WATERFORD,4267
Mme,Audrey,Michel,audreymichel,210zyxw1ut,2003-02-13T14:50:05.,ENGINEER, ,,
M.,Andre,Richard,andrerichard,3210zyx2vu,2006-11-11T12:56:33.,SALES, ,,
M.,Laurent,Michel,laurentmichel,43210zy3wv,2015-10-17T13:43:01.,TRADER,43 Locust Street,LANCASTER,3584
M.,Julien,Girard,juliengirard,543210z4xw,2014-11-08T14:38:52.,TRADER,45 Central Street,GREAT VALLEY,14741
Mme,Marcelle,Lefebvre,marcellelefebvre,65432105yx,2020-05-27T14:32:36.,ENGINEER,17 Railroad Street,UNION CITY,38281
Mme,Claudine,Simon,claudinesimon,76543216zy,2017-10-04T16:31:11.,ENGINEER, ,,
Mme,Madeleine,Vincent,madeleinevincent,876543270z,2004-04-21T15:17:13.,TRADER,19 West Street,VERONA,45378
Mme,Paulette,Simon,paulettesimon,9876543910,2007-11-07T09:58:29.,SALES, ,,
M.,Christophe,Vincent,christophevincent0,a987654a21,2013-09-02T08:45:10.,SALES, ,,
Mme,Julie,Petit,juliepetit,ba98765b32,2000-06-14T10:02:07.,SALES,33 Pine Street,GLENDIVE,59330
M.,Christian,Lefèvre,christianlefèvre,cba9876c43,2015-10-05T10:43:04.,TRADER,50 Miller Street,ROANOKE,36274
M.,Dominique,Robert,dominiquerobert,dcba987d54,2006-12-31T09:14:44.,SALES,21 Jefferson Street,LOMA,81524
Mme,Isabelle,Thomas,isabellethomas,edcba98e65,2012-07-25T16:32:19.,TRADER,12 Lee Street,HUNTINGTON STATION,11750
Mme,Christine,Thomas,christinethomas0,fedcba9f76,2005-06-01T08:27:43.,TRADER,32 Railroad Street,PATOKA,47666
M.,Bruno,Leroy,brunoleroy,gfedcbag87,2019-05-03T08:36:25.,SALES,29 River Street,TYLER HILL,18469
M.,Thierry,Martin,thierrymartin,hgfedcbh98,2019-04-24T11:59:43.,SALES,40 4th Street,MODOC,62261
Mme,Andree,Thomas,andreethomas,ihgfedcia9,2009-03-04T11:52:20.,SALES,4 Adams Street,PERRYVILLE,40468
Mme,Natalie,Vincent,natalievincent,jihgfedjba,2005-02-03T11:42:14.,ENGINEER, ,,
M.,Christophe,Mercier,christophemercier,kjihgfekcb,2014-10-27T09:10:22.,TRADER,8 Wilson Street,BORDELONVILLE,71320
M.,Philippe,Roux,philipperoux0,lkjihgfldc,2015-10-28T11:10:11.,SALES,5 Park Street,PECK,67120
M.,Jerome,Moreau,jeromemoreau,mlkjihgmed,2016-08-27T09:13:27.,TRADER,5 Highland Street,SOUTHINGTON,6489
Mme,Laurence,Martin,laurencemartin,nmlkjihnfe,2020-04-09T08:07:41.,TRADER,9 11th Street,GREENVILLE,12083
Mme,Laetitia,Bernard,laetitiabernard,onmlkjiogf,2008-06-24T10:17:13.,SALES,22 Sycamore Street,CENTER POINT,71323
Mme,Martine,Petit,martinepetit,ponmlkjphg,2009-09-12T13:58:47.,ENGINEER, ,,
M.,Alexandre,Fournier,alexandrefournier,qponmlkqih,2012-11-08T11:12:31.,ENGINEER,25 Lakeview Street,ABBEVILLE,70511
Mme,Marcelle,Girard,marcellegirard,rqponmlrji,2009-11-03T09:29:33.,ENGINEER, ,,
Mme,Renee,Petit,reneepetit,srqponmskj,2002-07-31T13:28:02.,ENGINEER, ,,
Mme,Margeuerite,Lefebvre,margeueritelefebvre0,tsrqpontlk,2010-10-09T09:15:02.,ENGINEER,11 6th Street,FAIRFAX,55332
M.,Francois,Laurent,francoislaurent,utsrqpouml,2019-03-10T15:34:00.,SALES, ,,
Mme,Christine,Bernard,christinebernard,vutsrqpvnm,2000-03-01T14:27:29.,ENGINEER,11 Laurel Street,SHARON,58277
Mme,Claudine,Leroy,claudineleroy,wvutsrqwon,2012-11-16T12:12:54.,TRADER,22 Jackson Street,NORTH MANCHESTER,46962
Mme,Caroline,Morel,carolinemorel,xwvutsrxpo,2013-03-24T09:49:35.,SALES,22 Willow Street,EXCHANGE,26619
M.,Bernard,Robert,bernardrobert,yxwvutsyqp,2017-09-21T08:04:09.,TRADER,26 Cedar Street,PECONIC,11958
Mme,Andree,Martin,andreemartin0,zyxwvutzrq,2005-10-13T16:32:31.,SALES,5 9th Street,RENSSELAER FALLS,13680
M.,Gerard,Petit,gerardpetit,_zyxwvu_sr,2015-04-24T08:52:22.,SALES,3 Woodland Street,MARTINSVILLE,8836
Mme,Danielle,Dubois,danielledubois,a_zyxwvats,2000-04-26T15:56:20.,SALES,27 Hickory Street,MASURY,44438
M.,Louis,Vincent,louisvincent0,ba_zyxwbut,2011-07-21T08:53:26.,SALES, ,,
Mme,Cecile,André,cecileandré,cba_zyxcvu,2020-03-20T11:54:19.,TRADER,7 Oak Street,PONDERAY,83852
Mme,Emilie,Simon,emiliesimon,dcba_zydwv,2020-06-03T15:28:47.,ENGINEER, ,,
Mme,Claudine,Robert,claudinerobert,edcba_zexw,2002-10-13T13:13:16.,TRADER, ,,
M.,Bruno,Durand,brunodurand,fedcba_fyx,2013-08-28T11:59:19.,SALES, ,,
Mme,Renee,Durand,reneedurand,gfedcbagzy,2009-07-30T14:42:59.,SALES,17 Center Street,STEVENSVILLE,18845
Mme,Claire,Vincent,clairevincent0,hgfedcbh_z,2009-08-11T15:05:18.,ENGINEER,8 Meadow Street,JEFFERSON,36745
Mme,Madeleine,Thomas,madeleinethomas,ihgfedcia_,2018-01-17T14:15:55.,ENGINEER,15 Maple Street,PARKDALE,71661
M.,Guillaume,Petit,guillaumepetit,jihgfedjba,2020-04-24T15:14:07.,TRADER, ,,
M.,Claude,Robert,clauderobert,kjihgfekcb,2020-01-16T08:01:04.,ENGINEER,22 5th Street,PLATTENVILLE,70393
Mme,Josette,André,josetteandré,lkjihgfldc,2016-12-14T10:46:09.,SALES, ,,
Mme,Denise,Martin,denisemartin,mlkjihgmed,2003-02-03T11:23:21.,SALES,37 Green Street,HIAWATHA,66434
Mme,Dominique,Martin,dominiquemartin0,nmlkjihnfe,2002-04-24T13:08:06.,ENGINEER,8 Laurel Street,TYONEK,99682
Mme,Audrey,Thomas,audreythomas,onmlkjiogf,2000-11-24T11:10:40.,SALES,11 Fourth Street,WHITESBURG,41858
M.,Patrick,Moreau,patrickmoreau,ponmlkjphg,2013-08-08T16:59:35.,ENGINEER,46 Lake Street,FRANKFORD,24938
M.,Franck,Petit,franckpetit,qponmlkqih,2018-09-12T15:37:19.,TRADER,43 Church Street,WILKESBORO,28697
Mme,Marcelle,André,marcelleandré,rqponmlrji,2014-07-11T09:31:47.,SALES,19 Ash Street,SAN PATRICIO,88348
Mme,Claudine,Michel,claudinemichel,srqponmskj,2012-10-20T14:10:52.,TRADER,17 Lee Street,EDDYVILLE,62928
M.,Jacques,David,jacquesdavid,tsrqpontlk,2001-09-08T13:31:11.,ENGINEER,23 9th Street,READING CENTER,14876
M.,Thierry,Martin,thierrymartin0,utsrqpouml,2007-12-12T11:53:55.,TRADER,11 Oak Street,CLARENDON,28432
Mme,Margeuerite,Robert,margeueriterobert,vutsrqpvnm,2020-07-03T13:02:13.,TRADER,18 8th Street,MACEO,42355
M.,Alexandre,Martin,alexandremartin1,wvutsrqwon,2003-04-29T08:15:21.,SALES,29 7th Street,GOLD HILL,97525
M.,Bernard,Morel,bernardmorel,xwvutsrxpo,2019-06-08T13:12:33.,SALES, ,,
Mme,Emilie,Dubois,emiliedubois,yxwvutsyqp,2004-01-28T14:02:00.,TRADER,18 Spruce Street,BROOKSVILLE,4617
M.,Louis,Durand,louisdurand,zyxwvutzrq,2002-02-18T09:30:38.,TRADER, ,,
M.,Paul,Leroy,paulleroy0,0zyxwvu0sr,2016-12-23T14:56:14.,SALES,2 Pine Street,GEORGETOWN,4548
Mme,Julie,Robert,julierobert,10zyxwv1ts,2001-08-03T12:34:37.,TRADER,29 Meadow Street,SALEM,47167
Mme,Florence,Simon,florencesimon,210zyxw2ut,2014-05-15T12:24:41.,TRADER, ,,
Mme,Monique,Laurent,moniquelaurent0,3210zyx3vu,2017-01-28T15:06:05.,SALES,14 Mill Street,CAMDEN,46917
M.,Thierry,Martin,thierrymartin1,43210zy4wv,2012-08-15T11:47:45.,SALES, ,,
Mme,Celine,Simon,celinesimon,543210z5xw,2001-10-29T09:44:53.,TRADER,28 Maple Street,CANTON,28716
Mme,Martine,Martin,martinemartin,65432106yx,2005-11-10T14:50:04.,SALES,22 Hickory Street,BANGOR,95914
Mme,Bernadette,Mercier,bernadettemercier,76543217zy,2016-05-19T09:11:36.,ENGINEER,16 Park Street,GRAYSON,71435
M.,Nicolas,Dubois,nicolasdubois,876543280z,2013-05-02T10:38:50.,TRADER,12 Church Street,SAINT CHARLES,72140
Mme,Audrey,Thomas,audreythomas0,9876543a10,2010-12-15T08:44:27.,TRADER,11 Maple Street,WEST BADEN SPRINGS,47469
M.,Frederic,Lefèvre,fredericlefèvre,a987654b21,2013-03-20T12:43:42.,SALES,5 1st Street,FORT GEORGE G MEADE,20755
Mme,Margeuerite,Bertrand,margeueritebertrand,ba98765c32,2003-02-08T15:19:29.,TRADER, ,,
Mme,Elisabeth,Bernard,elisabethbernard,cba9876d43,2002-08-22T10:36:53.,SALES,44 West Street,RUTHVEN,51358
Mme,Christelle,Moreau,christellemoreau,dcba987e54,2012-01-06T08:31:42.,ENGINEER,17 Highland Street,NELSON,24580
M.,Yves,Michel,yvesmichel,edcba98f65,2017-01-03T16:19:21.,SALES,40 Sycamore Street,ADVANCE,27006
Mme,Bernadette,Morel,bernadettemorel,fedcba9g76,2000-08-18T13:56:10.,ENGINEER, ,,
M.,Jean-Pierre,Fournier,jean-pierrefournier,gfedcbah87,2013-02-28T11:06:42.,TRADER,32 Oak Street,FORDS BRANCH,41526
Mme,Elisabeth,Garcia,elisabethgarcia,hgfedcbi98,2000-04-12T09:58:08.,TRADER,15 Lake Street,FOSTORIA,51340
Mme,Renee,Leroy,reneeleroy0,ihgfedcja9,2013-11-04T09:00:59.,ENGINEER,22 Highland Street,BROOKNEAL,24528
Mme,Genevieve,Mercier,genevievemercier,jihgfedkba,2013-09-22T11:42:15.,ENGINEER, ,,
M.,Nicolas,Laurent,nicolaslaurent,kjihgfelcb,2000-06-28T13:39:38.,SALES,30 Pine Street,HAZARD,68844
M.,Eric,Petit,ericpetit0,lkjihgfmdc,2016-05-14T14:32:08.,ENGINEER,11 Jefferson Street,CHILLICOTHE,64601
M.,Franck,Martin,franckmartin,mlkjihgned,2008-06-26T11:53:29.,TRADER,30 View Street,ROMNEY,26757
M.,Bruno,Girard,brunogirard,nmlkjihofe,2013-12-01T08:47:09.,ENGINEER, ,,
M.,Olivier,Moreau,oliviermoreau,onmlkjipgf,2010-03-12T16:48:31.,ENGINEER,49 14th Street,BETHLEHEM,47104
M.,Julien,Girard,juliengirard0,ponmlkjqhg,2001-12-11T10:52:12.,ENGINEER, ,,
Mme,Elisabeth,Bernard,elisabethbernard0,qponmlkrih,2017-10-27T16:02:19.,SALES,1 Hillcrest Street,ARMSTRONG,65230
Mme,Celine,Leroy,celineleroy,rqponmlsji,2007-09-23T11:47:01.,ENGINEER,21 Broadway Street,BOELUS,68820
Mme,Madeleine,Vincent,madeleinevincent0,srqponmtkj,2020-03-16T09:03:24.,SALES,18 Franklin Street,MARTELL,68404
Mme,Paulette,Girard,paulettegirard,tsrqponulk,2007-02-20T09:17:25.,ENGINEER,37 Park Street,ENGLEWOOD,34224
Mme,Claudine,Vincent,claudinevincent0,utsrqpovml,2000-10-10T12:22:48.,TRADER,44 1st Street,BOLIGEE,35443
Mme,Danielle,Durand,danielledurand,vutsrqpwnm,2016-09-07T12:24:23.,ENGINEER,5 6th Street,FLATGAP,41219
Mme,Odette,Petit,odettepetit,wvutsrqxon,2006-11-25T16:52:42.,ENGINEER,34 Meadow Street,RICES LANDING,15357
Mme,Chantal,Robert,chantalrobert0,xwvutsrypo,2007-08-29T14:33:15.,TRADER, ,,
Mme,Monique,Dubois,moniquedubois0,yxwvutszqp,2020-01-10T15:36:07.,SALES,27 Chestnut Street,HESTER,70743
Mme,Cecile,Lefèvre,cecilelefèvre,zyxwvut_rq,2006-02-07T08:58:38.,SALES,27 Hill Street,NEW PLYMOUTH,83655
M.,Henri,Bernard,henribernard,_zyxwvuasr,2003-09-21T10:09:48.,TRADER,38 Chestnut Street,BURKBURNETT,76354
Mme,Madeleine,Robert,madeleinerobert1,a_zyxwvbts,2002-11-29T08:01:13.,SALES,28 Elm Street,WEVER,52658
M.,Alain,Fournier,alainfournier,ba_zyxwcut,2019-10-23T08:35:05.,TRADER,25 Broadway Street,PINETOP,85935
Mme,Laurence,Girard,laurencegirard,cba_zyxdvu,2020-10-24T14:37:06.,TRADER,11 Lake Street,RINGGOLD,71068
M.,George,Laurent,georgelaurent,dcba_zyewv,2010-08-15T08:36:36.,ENGINEER,7 Third Street,WAKA,79093
M.,Daniel,Martin,danielmartin,edcba_zfxw,2002-02-14T08:21:54.,TRADER,18 1st Street,BRANCHVILLE,7890
Mme,Christine,Roux,christineroux,fedcba_gyx,2006-07-31T11:49:40.,TRADER, ,,
Mme,Genevieve,Moreau,genevievemoreau,gfedcbahzy,2010-09-18T15:35:27.,SALES,37 Williams Street,BROOKSTON,47923
M.,Rene,Garcia,renegarcia,hgfedcbi_z,2009-08-06T12:36:36.,TRADER,26 3rd Street,MAYWOOD,63454
M.,Eric,Thomas,ericthomas,ihgfedcja_,2020-01-28T15:36:12.,TRADER,44 Mill Street,NORTHWOOD,50459
Mme,Monique,Petit,moniquepetit,jihgfedkba,2000-10-11T15:47:04.,ENGINEER,34 Eighth Street,GREENVILLE,45331
Mme,Michele,Roux,micheleroux,kjihgfelcb,2020-03-04T11:45:22.,TRADER,40 Fourth Street,GRANDIN,58038
Mme,Dominique,Moreau,dominiquemoreau,lkjihgfmdc,2010-09-26T08:54:03.,TRADER,29 Main Street,CLARKSVILLE,72830
M.,Pascal,Petit,pascalpetit,mlkjihgned,2007-10-19T10:15:05.,TRADER,15 Meadow Street,SHARON,38255
Mme,Martine,Lefebvre,martinelefebvre,nmlkjihofe,2014-10-30T12:24:45.,TRADER,1 Laurel Street,DAVID,41616
Mme,Brigitte,Robert,brigitterobert,onmlkjipgf,2003-04-17T13:14:09.,TRADER,25 North Street,PLANT CITY,33566
Mme,Francoise,David,francoisedavid,ponmlkjqhg,2006-04-09T12:06:31.,ENGINEER,6 Chestnut Street,BLUE GAP,86520
Mme,Jacqueline,Durand,jacquelinedurand,qponmlkrih,2005-12-20T15:03:23.,TRADER,40 Lincoln Street,BREA,92823
Mme,Christiane,Leroy,christianeleroy,rqponmlsji,2002-07-11T15:47:23.,TRADER,16 Mill Street,BANNISTER,48807
Mme,Bernadette,Martin,bernadettemartin0,srqponmtkj,2016-03-14T14:28:03.,TRADER,8 Main Street,BIG LAKE,76932
Mme,Jeannine,Morel,jeanninemorel0,tsrqponulk,2011-02-13T12:37:15.,TRADER,19 Fifteenth Street,LYONS,30436
Mme,Margeuerite,Leroy,margeueriteleroy,utsrqpovml,2004-09-21T12:59:19.,ENGINEER, ,,
Mme,Christine,Simon,christinesimon,vutsrqpwnm,2016-12-10T15:33:28.,SALES,16 Pine Street,FOSTORIA,66426
M.,Francois,Lefèvre,francoislefèvre,wvutsrqxon,2002-06-29T12:34:41.,TRADER,43 14th Street,GILROY,95021
Mme,Anne,Roux,anneroux,xwvutsrypo,2016-04-24T11:21:39.,ENGINEER,1 Johnson Street,COLLEGE POINT,11356
Mme,Laetitia,Martin,laetitiamartin,yxwvutszqp,2004-09-21T09:10:22.,ENGINEER, ,,
Mme,Julie,Lefebvre,julielefebvre,zyxwvut0rq,2000-09-13T09:24:22.,ENGINEER,24 Center Street,COWARTS,36321
Mme,Madeleine,Richard,madeleinerichard,0zyxwvu1sr,2007-01-19T15:11:22.,SALES, ,,
Mme,Paulette,Simon,paulettesimon0,10zyxwv2ts,2000-08-21T08:28:06.,ENGINEER,18 1st Street,DIKE,50624
M.,Marc,Lefebvre,marclefebvre,210zyxw3ut,2002-09-10T16:55:02.,ENGINEER, ,,
M.,Alain,Martin,alainmartin0,3210zyx4vu,2018-03-01T15:41:05.,SALES,41 4th Street,LAIE,96762
Mme,Andree,Morel,andreemorel0,43210zy5wv,2005-02-24T14:21:33.,SALES,25 Park Street,STEPHAN,57346
Mme,Elodie,Robert,elodierobert0,543210z6xw,2018-08-18T16:08:49.,TRADER,33 14th Street,NORTH READING,1864
M.,Vincent,Bertrand,vincentbertrand,65432107yx,2009-02-16T13:18:29.,TRADER, ,,
M.,Claude,Laurent,claudelaurent0,76543218zy,2004-08-01T15:06:42.,SALES,18 Railroad Street,SACRAMENTO,17968
M.,Pierre,Garcia,pierregarcia,876543290z,2009-11-17T13:28:57.,ENGINEER,48 Railroad Street,ALPINE,71920
M.,Yves,Lefebvre,yveslefebvre,9876543b10,2003-10-22T09:31:13.,SALES,24 Cedar Street,PRINCEVILLE,96722
Mme,Paulette,Morel,paulettemorel,a987654c21,2017-03-25T09:59:26.,SALES,28 Fourth Street,RUPERT,25984
M.,Daniel,Laurent,daniellaurent0,ba98765d32,2009-07-15T14:19:44.,ENGINEER,41 Walnut Street,CAROLINA,26563
M.,Joseph,Garcia,josephgarcia,cba9876e43,2019-10-25T14:06:31.,TRADER, ,,
M.,Gerard,André,gerardandré,dcba987f54,2018-02-17T13:52:06.,SALES, ,,
M.,Michel,Dubois,micheldubois,edcba98g65,2017-06-14T10:51:54.,SALES,7 12th Street,LOOP,79342
M.,Bernard,Mercier,bernardmercier,fedcba9h76,2008-03-26T14:51:58.,TRADER,1 Hill Street,RIVERSIDE,97917
M.,Louis,Bernard,louisbernard,gfedcbai87,2009-10-10T14:08:55.,ENGINEER,18 Walnut Street,GARDEN CITY,57236
M.,George,Laurent,georgelaurent0,hgfedcbj98,2008-11-11T09:01:32.,TRADER,29 South Street,CANNONVILLE,84718
Mme,Elodie,Fournier,elodiefournier,ihgfedcka9,2003-12-27T12:54:07.,ENGINEER,50 Oak Street,WELDON,50264
M.,Guillaume,Richard,guillaumerichard,jihgfedlba,2006-03-25T08:46:34.,TRADER,29 Pine Street,GROVESPRING,65662
Mme,Jacqueline,Girard,jacquelinegirard,kjihgfemcb,2015-06-18T16:10:02.,SALES,43 Woodland Street,PRAIRIEVILLE,70769
Mme,Cecile,Thomas,cecilethomas0,lkjihgfndc,2009-07-26T08:35:40.,ENGINEER,25 Main Street,LAZEAR,81420
Mme,Catherine,Dubois,catherinedubois0,mlkjihgoed,2017-11-23T14:09:52.,ENGINEER,31 Ash Street,BURNS,97720
Mme,Laetitia,David,laetitiadavid,nmlkjihpfe,2017-09-08T16:41:15.,TRADER,6 Hickory Street,LYNDEBOROUGH,3082
Mme,Margeuerite,Martin,margeueritemartin,onmlkjiqgf,2016-04-13T11:38:01.,SALES,15 Forest Street,CUMMING,30028
M.,Louis,Durand,louisdurand0,ponmlkjrhg,2002-03-28T15:52:44.,ENGINEER,22 North Street,DU BOIS,15801
M.,Jean-Pierre,Laurent,jean-pierrelaurent0,qponmlksih,2003-02-21T08:12:08.,TRADER,28 Third Street,CENTER POINT,26339
Mme,Florence,Thomas,florencethomas0,rqponmltji,2008-11-01T12:10:49.,TRADER,27 Elm Street,BLACK CREEK,54106
Mme,Cecile,Richard,cecilerichard,srqponmukj,2004-07-14T10:39:25.,ENGINEER,25 4th Street,MARCELLA,72555
Mme,Monique,Roux,moniqueroux,tsrqponvlk,2000-06-19T11:29:52.,TRADER,26 Church Street,SCHERERVILLE,46375
Mme,Genevieve,Bertrand,genevievebertrand,utsrqpowml,2018-03-05T15:15:24.,TRADER,11 15th Street,ABIE,68001
Mme,Andree,Bernard,andreebernard,vutsrqpxnm,2013-12-04T16:45:29.,SALES,27 Franklin Street,MILLERVILLE,36267
Mme,Renee,Girard,reneegirard,wvutsrqyon,2010-12-29T13:43:41.,ENGINEER,50 Valley Street,PEN ARGYL,18072
Mme,Denise,Lefèvre,deniselefèvre,xwvutsrzpo,2001-06-23T16:30:08.,SALES,31 Green Street,DUBUQUE,52099
M.,Pierre,Durand,pierredurand,yxwvuts_qp,2001-12-06T13:48:36.,SALES,38 Church Street,FOSSIL,97830
M.,Alexandre,André,alexandreandré,zyxwvutarq,2010-01-19T08:32:37.,TRADER,36 Highland Street,CASTANA,51010
M.,Pierre,Roux,pierreroux,_zyxwvubsr,2000-09-24T09:34:58.,ENGINEER,49 1st Street,STURGEON,65284
Mme,Dominique,Petit,dominiquepetit,a_zyxwvcts,2016-01-19T10:32:53.,ENGINEER,46 Sunset Street,GENOA,13071
M.,Louis,Martin,louismartin0,ba_zyxwdut,2001-05-20T14:04:16.,TRADER, ,,
M.,Thierry,Simon,thierrysimon,cba_zyxevu,2003-01-25T09:34:00.,TRADER,31 Lincoln Street,BLOOMFIELD,14469
Mme,Elisabeth,Mercier,elisabethmercier,dcba_zyfwv,2019-11-04T15:12:16.,TRADER, ,,
M.,Olivier,Robert,olivierrobert,edcba_zgxw,2011-04-04T13:02:11.,ENGINEER,28 North Street,LLOYD,41156
Mme,Isabelle,Lefèvre,isabellelefèvre,fedcba_hyx,2013-04-30T08:56:31.,SALES,41 Railroad Street,HOLLY,48442
M.,Nicolas,Durand,nicolasdurand,gfedcbaizy,2010-09-20T09:18:10.,TRADER,30 Walnut Street,PALMYRA,17078
Mme,Jeannine,Michel,jeanninemichel,hgfedcbj_z,2004-06-17T12:23:23.,TRADER,7 Elm Street,PETOSKEY,49770
M.,George,Richard,georgerichard,ihgfedcka_,2018-04-16T09:42:26.,SALES,21 Park Street,HAWLEY,18428
Mme,Chantal,Martin,chantalmartin,jihgfedlba,2008-07-15T10:42:20.,SALES, ,,
M.,Sebastien,David,sebastiendavid,kjihgfemcb,2020-10-07T13:58:01.,SALES,47 Ash Street,MACKINAW,61755
Mme,Christiane,Martin,christianemartin,lkjihgfndc,2003-02-08T12:08:33.,TRADER,1 3rd Street,BUFFALO CENTER,50424
M.,Rene,Laurent,renelaurent,mlkjihgoed,2020-02-28T16:29:51.,ENGINEER,50 Park Street,RIVER ROUGE,48218
M.,Michel,Lefebvre,michellefebvre0,nmlkjihpfe,2011-06-04T08:30:35.,ENGINEER, ,,
M.,Frederic,Laurent,fredericlaurent,onmlkjiqgf,2010-01-01T14:36:27.,ENGINEER, ,,
Mme,Natalie,Bernard,nataliebernard,ponmlkjrhg,2019-11-04T08:07:11.,TRADER,31 2nd Street,OTTER CREEK,4665
Mme,Anne,Leroy,anneleroy,qponmlksih,2019-02-10T11:36:33.,TRADER,34 Cherry Street,MORAN,49760
Mme,Catherine,Morel,catherinemorel,rqponmltji,2008-11-14T11:30:12.,TRADER,47 4th Street,TOLEDO,62468
Mme,Marcelle,Garcia,marcellegarcia,srqponmukj,2001-05-14T13:02:14.,ENGINEER,50 Ridge Street,CAMP CREEK,25820
M.,Laurent,Dubois,laurentdubois,tsrqponvlk,2001-01-24T13:04:13.,TRADER, ,,
M.,Stephane,Richard,stephanerichard,utsrqpowml,2006-02-04T16:16:53.,ENGINEER,33 Davis Street,HYDETOWN,16328
Mme,Claudine,Bernard,claudinebernard,vutsrqpxnm,2000-10-31T15:17:58.,ENGINEER,21 Main Street,ANGLETON,77516
Mme,Laurence,Morel,laurencemorel,wvutsrqyon,2020-05-26T16:12:28.,ENGINEER,28 South Street,MARIETTA,75566
Mme,Jacqueline,Lefèvre,jacquelinelefèvre,xwvutsrzpo,2011-04-19T11:44:31.,SALES,26 2nd Street,UNIVERSITY PARK,52595
Mme,Paulette,Dubois,paulettedubois,yxwvuts0qp,2016-01-07T09:56:39.,TRADER,14 Church Street,BOYDEN,51234
Mme,Corinne,Thomas,corinnethomas,zyxwvut1rq,2010-07-22T11:26:41.,TRADER,23 Woodland Street,MEDDYBEMPS,4657
Mme,Bernadette,Thomas,bernadettethomas,0zyxwvu2sr,2016-12-27T09:37:27.,TRADER,40 Eleventh Street,LYNDONVILLE,5851
Mme,Brigitte,Leroy,brigitteleroy,10zyxwv3ts,2019-06-19T15:59:49.,TRADER,4 North Street,SHELTON,98584
M.,Daniel,Petit,danielpetit,210zyxw4ut,2001-11-04T09:06:43.,SALES,37 8th Street,JACKSONS GAP,36861
M.,Dominique,Morel,dominiquemorel,3210zyx5vu,2012-12-01T12:37:43.,TRADER, ,,
M.,Vincent,Laurent,vincentlaurent,43210zy6wv,2005-05-02T13:39:35.,SALES,39 Cedar Street,MILTON,32572
M.,Serge,Girard,sergegirard,543210z7xw,2008-11-07T09:35:19.,ENGINEER,7 Hill Street,NATIONAL CITY,91950
M.,Jean-Pierre,Bertrand,jean-pierrebertrand,65432108yx,2012-01-23T11:51:12.,SALES,43 5th Street,TOPEKA,46571
Mme,Marcelle,Lefebvre,marcellelefebvre0,76543219zy,2019-04-05T12:26:24.,ENGINEER,20 6th Street,LATON,93242
Mme,Elodie,Martin,elodiemartin0,8765432a0z,2020-09-27T08:20:23.,SALES, ,,
M.,Rene,Girard,renegirard0,9876543c10,2013-10-17T15:34:07.,TRADER,19 8th Street,MILFORD,76670
Mme,Odette,Vincent,odettevincent,a987654d21,2014-08-15T10:01:21.,SALES,7 Pine Street,RUTLAND,1543
Mme,Michele,David,micheledavid,ba98765e32,2019-05-06T14:46:47.,TRADER,15 9th Street,HADDOCK,31033
Mme,Isabelle,Lefèvre,isabellelefèvre0,cba9876f43,2012-07-14T12:40:59.,SALES, ,,
M.,David,Thomas,davidthomas,dcba987g54,2017-12-21T13:07:04.,SALES,44 Center Street,SALVISA,40372
M.,Didier,Michel,didiermichel,edcba98h65,2009-08-03T16:21:14.,SALES,49 1st Street,ANTHONY,88021
M.,Sebastien,Girard,sebastiengirard,fedcba9i76,2004-04-17T08:25:53.,TRADER,48 Spring Street,RAYMONDVILLE,78580
Mme,Catherine,Fournier,catherinefournier,gfedcbaj87,2020-02-08T13:50:53.,ENGINEER,29 Johnson Street,ALDIE,20105
M.,George,Martin,georgemartin0,hgfedcbk98,2012-04-02T12:55:11.,SALES,22 Spring Street,MC DOWELL,24458
Mme,Elodie,Fournier,elodiefournier0,ihgfedcla9,2016-10-17T15:31:01.,ENGINEER,27 Spruce Street,WORTON,21678
M.,Thomas,Girard,thomasgirard,jihgfedmba,2012-10-28T07:51:48.,TRADER,9 Third Street,DE SMET,57231
M.,Henri,Lefebvre,henrilefebvre,kjihgfencb,2017-10-09T14:04:00.,TRADER, ,,
Mme,Martine,Leroy,martineleroy,lkjihgfodc,2014-10-04T14:00:42.,SALES, ,,
Mme,Claudine,Durand,claudinedurand,mlkjihgped,2000-09-19T12:15:54.,SALES,20 Cedar Street,ROSEMONT,8556
M.,Guillaume,Michel,guillaumemichel,nmlkjihqfe,2011-07-07T11:25:09.,ENGINEER,5 Park Street,BLOOMINGBURG,12721
M.,Yves,Robert,yvesrobert0,onmlkjirgf,2018-02-04T09:51:21.,ENGINEER, ,,
M.,Gerard,Martin,gerardmartin,ponmlkjshg,2012-01-15T16:52:12.,ENGINEER,13 4th Street,EAST SYRACUSE,13057
M.,Laurent,Petit,laurentpetit,qponmlktih,2014-12-24T12:47:07.,TRADER,8 7th Street,NORTHWOOD,50459
Mme,Caroline,Dubois,carolinedubois,rqponmluji,2008-05-01T16:17:15.,ENGINEER,27 Railroad Street,SALEM,1971
Mme,Audrey,Bernard,audreybernard,srqponmvkj,2010-08-03T14:27:45.,SALES,18 7th Street,DEETH,89823
Mme,Bernadette,Martin,bernadettemartin1,tsrqponwlk,2017-12-28T13:00:13.,ENGINEER,22 Main Street,MILLINGTON,48746
Mme,Caroline,Lefèvre,carolinelefèvre,utsrqpoxml,2001-10-12T13:40:13.,ENGINEER,47 Third Street,KETTLERSVILLE,45336
M.,Robert,Simon,robertsimon,vutsrqpynm,2010-02-10T12:45:12.,ENGINEER,15 Fifth Street,NEW MATAMORAS,45767
M.,Christophe,Girard,christophegirard,wvutsrqzon,2000-03-17T12:13:47.,TRADER,23 Center Street,HUSTISFORD,53034
Mme,Nicole,Thomas,nicolethomas,xwvutsr_po,2017-09-01T14:10:50.,ENGINEER,13 Davis Street,COATSVILLE,63535
M.,Jean-Pierre,Martin,jean-pierremartin0,yxwvutsaqp,2006-11-05T14:35:57.,SALES,39 Woodland Street,OXFORD,34484
Mme,Elodie,Lefèvre,elodielefèvre,zyxwvutbrq,2014-11-29T15:15:46.,SALES,46 5th Street,BRUSLY,70719
Mme,Natalie,Martin,nataliemartin,_zyxwvucsr,2002-12-01T13:02:52.,ENGINEER,43 First Street,BLOOMINGTON,68929
M.,Paul,Martin,paulmartin2,a_zyxwvdts,2000-05-28T10:11:31.,SALES,31 Tenth Street,CLIFTON,85533
M.,Thomas,Roux,thomasroux,ba_zyxweut,2004-11-26T14:36:02.,ENGINEER, ,,
Mme,Elisabeth,Garcia,elisabethgarcia0,cba_zyxfvu,2017-10-20T16:04:22.,ENGINEER,7 Poplar Street,BRIGHTON,38011
Mme,Aurelie,Martin,aureliemartin,dcba_zygwv,2003-04-23T12:28:06.,TRADER,14 2nd Street,ABINGDON,24210
M.,David,Bertrand,davidbertrand,edcba_zhxw,2010-11-11T15:26:42.,ENGINEER,49 Walnut Street,CHASEBURG,54621
M.,Jacques,David,jacquesdavid0,fedcba_iyx,2010-02-07T14:55:23.,SALES,46 Hill Street,DELANO,37325
Mme,Aurelie,Michel,aureliemichel0,gfedcbajzy,2009-12-26T08:49:25.,SALES,22 2nd Street,PEMBROKE,28372
M.,Bruno,Michel,brunomichel,hgfedcbk_z,2008-04-18T08:36:04.,SALES,4 Lincoln Street,CAMBRIDGE CITY,47327
M.,Henri,Simon,henrisimon,ihgfedcla_,2009-02-04T14:08:52.,TRADER,10 Jackson Street,NIANTIC,6357
M.,Bernard,Richard,bernardrichard,jihgfedmba,2003-07-01T08:31:28.,ENGINEER,47 Lake Street,SALESVILLE,43778
Mme,Marcelle,Martin,marcellemartin,kjihgfencb,2000-10-10T09:13:13.,TRADER,5 8th Street,TOPONAS,80479
M.,George,André,georgeandré,lkjihgfodc,2006-11-06T14:47:48.,TRADER,33 Hill Street,TEAGUE,75860
Mme,Bernadette,Moreau,bernadettemoreau0,mlkjihgped,2001-02-23T09:37:24.,SALES,22 Walnut Street,MILLERSVIEW,76862
M.,Alexandre,Bernard,alexandrebernard,nmlkjihqfe,2004-10-28T13:36:24.,TRADER,29 1st Street,TOPAWA,85639
Mme,Helene,Bernard,helenebernard,onmlkjirgf,2016-06-29T13:28:43.,ENGINEER,18 9th Street,BOGARD,64622
M.,Joseph,Bertrand,josephbertrand0,ponmlkjshg,2006-09-14T13:21:20.,ENGINEER, ,,
M.,Alexandre,Durand,alexandredurand,qponmlktih,2015-07-18T14:28:06.,SALES,12 Main Street,JOLON,93928
M.,Philippe,Laurent,philippelaurent,rqponmluji,2005-08-09T10:30:15.,ENGINEER,34 Valley Street,DWIGHT,66849
Mme,Laurence,Thomas,laurencethomas,srqponmvkj,2003-03-09T10:01:00.,ENGINEER,45 Spring Street,SHERIDAN,64486
M.,Paul,Roux,paulroux,tsrqponwlk,2012-12-19T08:33:34.,SALES,18 Birch Street,HAVENSVILLE,66432
Mme,Jeanne,Leroy,jeanneleroy,utsrqpoxml,2013-09-24T09:17:24.,TRADER,44 5th Street,AVOCA,72711
M.,Christian,Thomas,christianthomas,vutsrqpynm,2018-01-16T13:30:17.,ENGINEER,25 Elm Street,SMILEY,78159
Mme,Renee,André,reneeandré,wvutsrqzon,2011-04-29T09:00:02.,ENGINEER,35 Smith Street,CHAPIN,62628
M.,Marcel,Martin,marcelmartin0,xwvutsr0po,2017-02-28T14:27:27.,ENGINEER,40 East Street,CAPRON,23829
Mme,Laurence,Martin,laurencemartin0,yxwvuts1qp,2002-11-23T15:39:20.,ENGINEER,6 North Street,KRAKOW,54137
M.,Alexandre,Simon,alexandresimon,zyxwvut2rq,2020-04-01T09:42:26.,ENGINEER,15 Miller Street,HARTFORD CITY,47348
Mme,Danielle,André,danielleandré0,0zyxwvu3sr,2012-04-21T11:11:05.,SALES,14 View Street,DRAYTON,29333
M.,Dominique,Michel,dominiquemichel,10zyxwv4ts,2016-09-19T15:17:22.,ENGINEER, ,,
M.,Thierry,Leroy,thierryleroy,210zyxw5ut,2008-02-14T16:44:24.,SALES, ,,
M.,Guy,Lefebvre,guylefebvre,3210zyx6vu,2006-06-19T16:35:25.,ENGINEER,29 Ridge Street,QUINCY,41166
M.,Laurent,Robert,laurentrobert,43210zy7wv,2017-05-30T08:09:31.,SALES,15 North Street,SASSAMANSVILLE,19472
Mme,Laetitia,Thomas,laetitiathomas,543210z8xw,2017-04-10T08:33:11.,TRADER,10 Jackson Street,FULTON,49052
M.,Thierry,Morel,thierrymorel,65432109yx,2008-04-08T11:35:46.,ENGINEER,15 Willow Street,SUTHERLAND,23885
Mme,Genevieve,David,genevievedavid,7654321azy,2017-06-10T11:32:49.,SALES,6 Lincoln Street,ARROYO HONDO,87513
Mme,Patricia,Simon,patriciasimon,8765432b0z,2013-09-17T15:26:55.,TRADER, ,,
Mme,Odette,Durand,odettedurand,9876543d10,2005-12-22T10:33:19.,ENGINEER,25 2nd Street,WALL LAKE,51466
M.,Roger,Roux,rogerroux,a987654e21,2011-07-11T16:21:50.,SALES,20 Maple Street,MOSCOW,52760
M.,Henri,Robert,henrirobert,ba98765f32,2008-03-29T08:51:55.,ENGINEER,9 Sunset Street,NEW MARKET,21774
Mme,Isabelle,Michel,isabellemichel,cba9876g43,2016-04-14T10:17:21.,ENGINEER,2 Tenth Street,DRIGGS,83422
M.,Thomas,Bernard,thomasbernard,dcba987h54,2015-11-28T08:34:23.,ENGINEER,5 Sixth Street,CAPE MAY POINT,8212
M.,Philippe,Martin,philippemartin,edcba98i65,2006-03-22T16:09:56.,TRADER, ,,
M.,Claude,Petit,claudepetit,fedcba9j76,2014-07-04T13:45:40.,SALES, ,,
Mme,Elisabeth,Vincent,elisabethvincent,gfedcbak87,2018-12-18T14:07:49.,ENGINEER,48 Third Street,SISTERSVILLE,26175
Mme,Marie,Mercier,mariemercier,hgfedcbl98,2015-04-29T16:55:30.,SALES,17 2nd Street,FOXBORO,2035
M.,Thierry,Vincent,thierryvincent,ihgfedcma9,2004-09-25T11:51:37.,ENGINEER,50 Pine Street,FENELTON,16034
Mme,Christelle,Leroy,christelleleroy0,jihgfednba,2008-01-20T15:55:00.,TRADER,41 Second Street,ALBANY,94706
Mme,Claire,Thomas,clairethomas,kjihgfeocb,2000-12-23T10:46:52.,SALES,9 Washington Street,WELLBORN,32094
Mme,Andree,Lefebvre,andreelefebvre,lkjihgfpdc,2000-07-26T15:22:38.,SALES, ,,
Mme,Madeleine,Durand,madeleinedurand0,mlkjihgqed,2010-04-13T13:38:48.,TRADER,47 Taylor Street,HAYESVILLE,44838
M.,Claude,Petit,claudepetit0,nmlkjihrfe,2001-07-18T16:18:02.,SALES,17 Sixth Street,LANDER,82520
Mme,Claudine,Leroy,claudineleroy0,onmlkjisgf,2007-04-03T12:28:38.,SALES,46 Oak Street,COLOMA,54930
Mme,Christiane,Moreau,christianemoreau,ponmlkjthg,2002-08-16T13:51:04.,SALES,43 Center Street,MADISON,21648
M.,Yves,Girard,yvesgirard0,qponmlkuih,2009-03-20T11:51:45.,SALES,8 Meadow Street,RADIANT,22732
Mme,Laurence,Martin,laurencemartin1,rqponmlvji,2015-01-27T13:03:30.,TRADER,46 Meadow Street,FANNETTSBURG,17221
M.,Jerome,Leroy,jeromeleroy0,srqponmwkj,2010-07-31T11:35:03.,ENGINEER,23 Lake Street,HECKER,62248
Mme,Elisabeth,Petit,elisabethpetit,tsrqponxlk,2009-03-07T09:58:54.,ENGINEER,25 Adams Street,MANOR,31550
Mme,Dominique,Martin,dominiquemartin1,utsrqpoyml,2019-11-11T11:25:34.,TRADER,47 Hickory Street,DUNDEE,14837
Mme,Claudine,Bernard,claudinebernard0,vutsrqpznm,2018-03-23T16:32:33.,TRADER,3 Valley Street,BLOOMFIELD HILLS,48302
Mme,Celine,Michel,celinemichel,wvutsrq_on,2016-10-27T13:14:58.,TRADER,11 Sycamore Street,SALEM,29676
M.,Julien,Leroy,julienleroy,xwvutsrapo,2001-12-26T08:15:15.,TRADER,38 6th Street,SAXE,23967
M.,Jean-Pierre,Martin,jean-pierremartin1,yxwvutsbqp,2020-07-14T09:09:39.,TRADER,50 4th Street,WOLF RUN,43970
M.,Louis,Richard,louisrichard,zyxwvutcrq,2008-12-07T14:04:36.,TRADER,26 Meadow Street,MOHAWK,24862
M.,Philippe,Bertrand,philippebertrand,_zyxwvudsr,2001-09-08T16:11:24.,TRADER, ,,
M.,Daniel,Girard,danielgirard,a_zyxwvets,2011-07-09T10:37:29.,ENGINEER,16 Lake Street,HARLEYSVILLE,19438
Mme,Corinne,Martin,corinnemartin,ba_zyxwfut,2013-01-01T16:57:05.,SALES,12 Center Street,LIBERTY,12754
M.,Alexandre,Richard,alexandrerichard,cba_zyxgvu,2018-12-21T09:50:02.,ENGINEER,8 Main Street,EDWALL,99008
M.,George,Bernard,georgebernard,dcba_zyhwv,2016-01-23T10:44:55.,ENGINEER,17 Fifth Street,WAKARUSA,66546
Mme,Julie,Thomas,juliethomas,edcba_zixw,2000-07-14T11:08:31.,SALES,32 13th Street,NEWPORT,99156
Mme,Laetitia,Leroy,laetitialeroy,fedcba_jyx,2013-11-30T13:49:00.,ENGINEER,25 Williams Street,WOODWORTH,71485
Mme,Cecile,Petit,cecilepetit,gfedcbakzy,2011-03-11T12:55:48.,SALES,30 12th Street,ALAMO,58830
M.,Alexandre,Bernard,alexandrebernard0,hgfedcbl_z,2001-03-25T15:23:53.,ENGINEER,36 Cedar Street,KEENE,12942
Mme,Claire,Robert,clairerobert0,ihgfedcma_,2019-08-13T13:20:46.,TRADER,43 12th Street,TIMMONSVILLE,29161
Mme,Colette,Martin,colettemartin,jihgfednba,2010-12-16T16:02:35.,ENGINEER,2 Williams Street,MACKINAW CITY,49701
M.,Pierre,Michel,pierremichel,kjihgfeocb,2004-07-14T09:01:09.,TRADER,3 Pine Street,SAWYER,55780
Mme,Florence,Lefebvre,florencelefebvre,lkjihgfpdc,2015-07-16T13:16:17.,SALES,31 8th Street,NARROWS,24124
Mme,Julie,Martin,juliemartin,mlkjihgqed,2016-03-03T11:44:29.,SALES,33 Spring Street,NEWPORT,37821
M.,Frederic,Petit,fredericpetit,nmlkjihrfe,2016-12-21T12:31:17.,ENGINEER,3 2nd Street,WINGATE,47994
M.,Guillaume,Petit,guillaumepetit0,onmlkjisgf,2005-03-11T10:08:37.,TRADER, ,,
M.,Olivier,Simon,oliviersimon,ponmlkjthg,2015-12-16T12:02:19.,ENGINEER,32 4th Street,PRINCEVILLE,61559
M.,Sebastien,Bernard,sebastienbernard,qponmlkuih,2006-03-03T15:50:01.,ENGINEER,12 Mill Street,COEBURN,24230
M.,Laurent,Laurent,laurentlaurent,rqponmlvji,2008-01-24T11:24:00.,SALES, ,,
Mme,Madeleine,Garcia,madeleinegarcia,srqponmwkj,2006-12-11T10:20:09.,SALES,18 South Street,KIMBALL,57355
M.,Jerome,Dubois,jeromedubois,tsrqponxlk,2013-10-10T16:59:32.,TRADER,42 South Street,SARATOGA,71859
Mme,Martine,Martin,martinemartin0,utsrqpoyml,2014-05-29T10:26:55.,SALES,26 12th Street,TENNGA,30751
M.,Louis,Fournier,louisfournier,vutsrqpznm,2003-10-05T10:51:00.,TRADER,7 Park Street,SOMERSET,54025
M.,Gerard,Thomas,gerardthomas,wvutsrq0on,2003-05-09T14:18:41.,TRADER, ,,
M.,Joseph,Thomas,josephthomas,xwvutsr1po,2006-02-04T16:31:54.,TRADER,39 Main Street,MILLIGAN,68406
Mme,Laetitia,Leroy,laetitialeroy0,yxwvuts2qp,2013-01-17T15:42:19.,TRADER,27 5th Street,OLD HARBOR,99643
Mme,Celine,Roux,celineroux,zyxwvut3rq,2011-10-01T09:17:02.,ENGINEER,21 13th Street,HAGUE,58542
Mme,Laurence,Petit,laurencepetit0,0zyxwvu4sr,2003-10-18T09:49:53.,TRADER,7 1st Street,GLOBE,85501
M.,Franck,Martin,franckmartin0,10zyxwv5ts,2004-01-31T16:51:57.,ENGINEER,28 East Street,WILLOW LAKE,57278
Mme,Odette,Richard,odetterichard,210zyxw6ut,2016-12-12T11:55:33.,ENGINEER,12 Second Street,DESMET,83824
Mme,Patricia,Petit,patriciapetit,3210zyx7vu,2002-03-16T14:17:17.,ENGINEER,38 2nd Street,GRAINFIELD,67737
Mme,Aurelie,Lefebvre,aurelielefebvre,43210zy8wv,2015-04-12T12:21:48.,ENGINEER,6 Poplar Street,CLIO,29525
Mme,Elisabeth,André,elisabethandré0,543210z9xw,2015-11-19T13:47:13.,ENGINEER,17 Third Street,THERESA,13691
M.,Robert,Bernard,robertbernard,6543210ayx,2012-11-06T10:25:17.,ENGINEER,26 Park Street,SOMERSET,42503
M.,Bruno,Robert,brunorobert,7654321bzy,2007-07-14T09:07:34.,SALES,43 Railroad Street,CHALLENGE,95925
Mme,Jacqueline,Girard,jacquelinegirard0,8765432c0z,2011-05-24T08:08:43.,TRADER,21 Ninth Street,AGATE,80101
Mme,Catherine,Martin,catherinemartin0,9876543e10,2012-10-01T10:17:56.,TRADER,19 Forest Street,CADYVILLE,12918
M.,Julien,Michel,julienmichel,a987654f21,2013-10-18T12:18:42.,SALES,23 Walnut Street,CANYON CREEK,59633
Mme,Cecile,Martin,cecilemartin0,ba98765g32,2011-10-02T13:19:22.,TRADER, ,,
Mme,Elodie,Bertrand,elodiebertrand,cba9876h43,2005-08-23T16:05:51.,ENGINEER,33 1st Street,MONTAUK,11954
M.,Thierry,Moreau,thierrymoreau0,dcba987i54,2016-07-26T16:54:59.,SALES,3 Jackson Street,NEW BERLINVILLE,19545
Mme,Elodie,Richard,elodierichard,edcba98j65,2004-12-14T10:04:19.,ENGINEER,10 Laurel Street,RIDDLE,97469
Mme,Jacqueline,André,jacquelineandré,fedcba9k76,2008-02-24T15:21:23.,SALES,39 Washington Street,LYON MOUNTAIN,12955
Mme,Francoise,Michel,francoisemichel,gfedcbal87,2007-09-14T15:08:50.,TRADER,17 Washington Street,LAKE BLUFF,60044
Mme,Martine,Girard,martinegirard0,hgfedcbm98,2016-01-02T08:37:18.,ENGINEER,19 4th Street,CENTRALIA,75834
M.,Henri,Garcia,henrigarcia,ihgfedcna9,2007-12-30T10:41:22.,SALES,44 9th Street,WALLER,77484
Mme,Nicole,Martin,nicolemartin,jihgfedoba,2008-10-22T11:39:15.,SALES,4 3rd Street,CHESTER,52134
Mme,Natalie,Bernard,nataliebernard0,kjihgfepcb,2016-11-25T16:05:59.,ENGINEER,8 Main Street,SUDBURY,1776
M.,Thomas,Bernard,thomasbernard0,lkjihgfqdc,2004-01-09T11:24:14.,SALES,30 Adams Street,RICH HILL,64779
M.,Andre,David,andredavid0,mlkjihgred,2007-02-18T09:10:08.,SALES,42 Central Street,BOVILL,83806
Mme,Marcelle,Roux,marcelleroux,nmlkjihsfe,2006-03-09T09:50:28.,TRADER, ,,
M.,Roger,Martin,rogermartin,onmlkjitgf,2008-12-04T16:23:31.,TRADER,7 Oak Street,CHAMPLAIN,12919
M.,Pascal,Petit,pascalpetit0,ponmlkjuhg,2018-06-12T11:56:03.,SALES,48 Main Street,FALLENTIMBER,16639
M.,Bernard,Morel,bernardmorel0,qponmlkvih,2004-05-12T16:57:33.,SALES, ,,
M.,Jean,Morel,jeanmorel,rqponmlwji,2015-08-03T14:36:43.,ENGINEER, ,,
Mme,Dominique,Vincent,dominiquevincent0,srqponmxkj,2011-11-29T15:59:06.,SALES,9 12th Street,HUDGINS,23076
Mme,Laetitia,Bertrand,laetitiabertrand0,tsrqponylk,2013-03-20T14:20:54.,TRADER, ,,
Mme,Bernadette,Bernard,bernadettebernard,utsrqpozml,2010-04-01T16:48:37.,ENGINEER,33 Mill Street,LEPANTO,72354
M.,Rene,Bernard,renebernard,vutsrqp_nm,2002-08-05T14:39:51.,SALES,27 11th Street,FAISON,28341
M.,Pascal,Petit,pascalpetit1,wvutsrqaon,2020-04-12T11:26:45.,SALES,49 Main Street,NEW CASTLE,3854
M.,Henri,Michel,henrimichel0,xwvutsrbpo,2000-02-28T08:39:28.,ENGINEER,39 Adams Street,NASHVILLE,62263
M.,Paul,André,paulandré,yxwvutscqp,2015-06-17T09:20:03.,TRADER,37 11th Street,WALNUT BOTTOM,17266
M.,Thomas,Martin,thomasmartin0,zyxwvutdrq,2004-03-26T12:58:29.,ENGINEER,27 Mill Street,PEARCE,85625
Mme,Jeanne,Roux,jeanneroux0,_zyxwvuesr,2001-09-29T09:12:16.,TRADER, ,,
M.,Eric,Leroy,ericleroy,a_zyxwvfts,2017-06-16T15:36:58.,TRADER,10 Madison Street,ANSONIA,6401
Mme,Jeanne,Richard,jeannerichard,ba_zyxwgut,2013-12-17T11:07:51.,SALES,3 Madison Street,MINERSVILLE,84752
Mme,Martine,Dubois,martinedubois,cba_zyxhvu,2004-12-12T09:23:53.,TRADER,5 Seventh Street,KINCAID,62540
M.,Rene,Dubois,renedubois,dcba_zyiwv,2004-01-17T08:21:06.,SALES,17 Spring Street,BERRY CREEK,95916
M.,George,André,georgeandré0,edcba_zjxw,2003-08-13T15:59:39.,SALES, ,,
M.,Roger,Lefebvre,rogerlefebvre,fedcba_kyx,2002-02-21T14:36:10.,TRADER,13 Adams Street,IOLA,54990
Mme,Genevieve,Simon,genevievesimon1,gfedcbalzy,2018-09-28T11:40:29.,TRADER,13 Jackson Street,TRINIDAD,95570
M.,Jean-Pierre,David,jean-pierredavid,hgfedcbm_z,2018-07-28T12:10:54.,SALES,40 Maple Street,ROCKY COMFORT,64861
Mme,Claire,Martin,clairemartin,ihgfedcna_,2020-04-09T14:12:10.,TRADER, ,,
M.,Franck,André,franckandré,jihgfedoba,2018-02-07T09:23:09.,TRADER,18 River Street,NEAVITT,21652
Mme,Jeannine,André,jeannineandré,kjihgfepcb,2012-06-08T14:59:21.,TRADER,19 Washington Street,DUKE CENTER,16729
Mme,Jeanne,Robert,jeannerobert,lkjihgfqdc,2009-09-09T15:23:55.,SALES, ,,
M.,Frederic,Bernard,fredericbernard,mlkjihgred,2009-05-18T15:00:28.,TRADER,17 8th Street,LEONIDAS,49066
M.,Robert,Robert,robertrobert,nmlkjihsfe,2018-06-28T14:44:07.,TRADER,26 Seventh Street,FRANKFORT,49635
M.,Louis,Robert,louisrobert,onmlkjitgf,2001-10-04T14:15:29.,TRADER,21 Green Street,KEYPORT,98345
Mme,Emilie,Martin,emiliemartin,ponmlkjuhg,2000-07-20T11:06:12.,TRADER, ,,
Mme,Isabelle,Robert,isabellerobert,qponmlkvih,2006-02-22T16:49:28.,SALES,15 Cedar Street,NASHVILLE,27856
Mme,Claudine,Durand,claudinedurand0,rqponmlwji,2014-04-10T13:00:05.,SALES,33 Lakeview Street,MANTON,96059
M.,Louis,Simon,louissimon,srqponmxkj,2020-05-19T10:58:09.,ENGINEER,12 Cherry Street,JUNEAU,15751
Mme,Claudine,Lefebvre,claudinelefebvre0,tsrqponylk,2009-06-22T16:00:47.,SALES,13 First Street,DULAC,70353
M.,Vincent,Dubois,vincentdubois,utsrqpozml,2009-01-07T10:37:15.,SALES, ,,
Mme,Claudine,Fournier,claudinefournier,vutsrqp0nm,2005-12-17T12:13:41.,TRADER,22 Center Street,MEADOWBROOK,26404
Mme,Renee,Leroy,reneeleroy1,wvutsrq1on,2015-12-01T11:07:31.,SALES,20 Hill Street,KEWANEE,63860
M.,Maurice,David,mauricedavid,xwvutsr2po,2006-06-01T16:00:19.,ENGINEER, ,,
M.,Francois,Martin,francoismartin0,yxwvuts3qp,2017-10-25T15:04:36.,ENGINEER,8 View Street,PORT SAINT JOE,32457
M.,Marcel,Petit,marcelpetit,zyxwvut4rq,2012-04-10T14:31:39.,ENGINEER,14 Valley Street,MORTON,39117
Mme,Renee,Lefebvre,reneelefebvre,0zyxwvu5sr,2008-07-03T12:43:43.,TRADER,1 Willow Street,BEE SPRING,42207
M.,Marcel,Laurent,marcellaurent,10zyxwv6ts,2000-11-06T11:26:03.,ENGINEER,2 1st Street,DENALI NATIONAL PARK,99755
Mme,Madeleine,Petit,madeleinepetit,210zyxw7ut,2015-06-15T10:20:30.,SALES,39 Center Street,COWLEY,82420
M.,Alain,Robert,alainrobert0,3210zyx8vu,2018-07-14T11:04:45.,SALES, ,,
M.,David,Durand,daviddurand,43210zy9wv,2000-06-01T11:02:14.,SALES,10 Johnson Street,VICTOR,95253
M.,Thierry,Lefèvre,thierrylefèvre,543210zaxw,2000-06-04T13:17:04.,SALES,1 Walnut Street,PALO VERDE,92266
Mme,Josette,Leroy,josetteleroy,6543210byx,2002-01-13T10:18:59.,SALES, ,,
Mme,Julie,Morel,juliemorel,7654321czy,2015-05-19T09:34:20.,ENGINEER,35 7th Street,OAKDALE,71463
Mme,Julie,Lefebvre,julielefebvre0,8765432d0z,2015-11-23T12:02:52.,SALES,40 Lake Street,ARVILLA,58214
M.,Pierre,Leroy,pierreleroy,9876543f10,2010-10-18T12:37:19.,SALES,9 Cherry Street,DONALDSONVILLE,70346
M.,Maurice,Durand,mauricedurand,a987654g21,2013-01-15T13:47:17.,ENGINEER,25 Fourth Street,BLUE SPRINGS,64015
M.,Yves,Laurent,yveslaurent,ba98765h32,2018-07-21T09:09:56.,ENGINEER, ,,
Mme,Michele,Girard,michelegirard,cba9876i43,2017-11-03T11:46:25.,TRADER, ,,
Mme,Michele,Thomas,michelethomas,dcba987j54,2014-01-27T14:43:26.,TRADER,49 7th Street,ATHENS,35612
M.,Pascal,Laurent,pascallaurent,edcba98k65,2014-06-28T08:54:40.,SALES,38 3rd Street,SHILOH,44878
M.,Frederic,Martin,fredericmartin,fedcba9l76,2003-11-10T15:52:50.,TRADER,48 View Street,CLARKSTON,99403
M.,Bruno,Petit,brunopetit,gfedcbam87,2003-04-11T08:59:25.,ENGINEER,2 Dogwood Street,DANVILLE,52623
M.,Alain,Durand,alaindurand,hgfedcbn98,2005-06-05T11:52:36.,ENGINEER,19 Spring Street,NEW LONDON,44851
Mme,Aurelie,Thomas,aureliethomas,ihgfedcoa9,2010-08-26T08:28:30.,ENGINEER,29 Cedar Street,MILFORD,76670
Mme,Cecile,Mercier,cecilemercier,jihgfedpba,2017-08-11T13:12:01.,SALES, ,,
Mme,Renee,André,reneeandré0,kjihgfeqcb,2001-10-06T10:13:27.,SALES,11 South Street,MILLVILLE,17846
M.,Bernard,Petit,bernardpetit,lkjihgfrdc,2019-06-03T13:29:07.,TRADER,19 Pine Street,KEEGO HARBOR,48320
M.,Gerard,Morel,gerardmorel,mlkjihgsed,2003-11-25T15:11:51.,TRADER, ,,
Mme,Andree,Thomas,andreethomas0,nmlkjihtfe,2018-03-01T16:01:35.,TRADER,14 2nd Street,SLEEPY EYE,56085
M.,Marc,Martin,marcmartin,onmlkjiugf,2012-05-10T09:08:58.,TRADER,50 Sixth Street,GLENDIVE,59330
Mme,Patricia,Petit,patriciapetit0,ponmlkjvhg,2017-03-11T09:47:47.,TRADER,27 2nd Street,FRANKLIN,66735
Mme,Celine,Laurent,celinelaurent,qponmlkwih,2012-09-05T13:10:51.,TRADER,33 8th Street,LOHN,76852
Mme,Annie,Lefebvre,annielefebvre0,rqponmlxji,2015-01-15T16:22:28.,SALES,28 Park Street,POWER,59468
Mme,Odette,Garcia,odettegarcia,srqponmykj,2001-03-07T14:20:05.,TRADER,8 West Street,LA SALLE,56056
M.,Yves,Lefebvre,yveslefebvre0,tsrqponzlk,2015-02-13T12:45:22.,TRADER,37 Oak Street,SAMOA,95564
M.,Marcel,André,marcelandré,utsrqpo_ml,2019-08-29T09:13:21.,SALES,38 Jefferson Street,CANBY,56220
M.,Andre,Bernard,andrebernard,vutsrqpanm,2016-12-16T09:37:35.,ENGINEER,12 Laurel Street,FLORENCE,54121
Mme,Julie,Bernard,juliebernard,wvutsrqbon,2003-12-08T15:34:00.,SALES,4 West Street,MARATHON SHORES,33052
M.,Pierre,Moreau,pierremoreau,xwvutsrcpo,2005-06-28T11:06:46.,SALES,14 13th Street,BLAKESBURG,52536
Mme,Colette,Girard,colettegirard,yxwvutsdqp,2008-01-01T09:13:32.,ENGINEER,29 Hill Street,ELLENDALE,56026
Mme,Cecile,Durand,ceciledurand,zyxwvuterq,2006-08-03T09:47:32.,TRADER,9 Dogwood Street,GRAFTON,1519
Mme,Corinne,Garcia,corinnegarcia,_zyxwvufsr,2014-01-02T12:18:14.,TRADER,3 Sunset Street,NEW GENEVA,15467
M.,Jacques,Lefebvre,jacqueslefebvre,a_zyxwvgts,2006-09-21T13:38:14.,TRADER,2 Lee Street,FALL CREEK,54742
Mme,Christiane,Petit,christianepetit,ba_zyxwhut,2016-03-19T08:22:12.,TRADER,29 East Street,MYAKKA CITY,34251
M.,Olivier,Vincent,oliviervincent,cba_zyxivu,2004-02-22T14:17:24.,SALES,28 Green Street,PAISLEY,97636
Mme,Jeanne,Bernard,jeannebernard,dcba_zyjwv,2014-11-04T11:39:59.,SALES,4 Hillcrest Street,OKREEK,57563
M.,Alain,Garcia,alaingarcia,edcba_zkxw,2013-11-01T14:09:56.,SALES,39 West Street,AQUASHICOLA,18012
Mme,Christiane,Simon,christianesimon,fedcba_lyx,2002-01-09T13:47:44.,TRADER,34 Mill Street,MEADOWVIEW,24361
Mme,Genevieve,Michel,genevievemichel,gfedcbamzy,2007-04-29T14:04:25.,SALES,42 3rd Street,QUEEN CITY,75572
M.,Alexandre,David,alexandredavid,hgfedcbn_z,2011-12-29T16:14:15.,ENGINEER, ,,
Mme,Michele,Thomas,michelethomas0,ihgfedcoa_,2007-05-13T11:39:47.,TRADER,8 Lincoln Street,KIMBALL,24853
M.,Claude,Thomas,claudethomas0,jihgfedpba,2004-07-02T11:29:08.,SALES, ,,
M.,Christophe,Bertrand,christophebertrand,kjihgfeqcb,2015-05-03T11:06:55.,TRADER,18 Lake Street,LAGRANGE,46761
Mme,Madeleine,Bertrand,madeleinebertrand,lkjihgfrdc,2005-09-30T15:42:38.,SALES, ,,
M.,Bernard,Vincent,bernardvincent,mlkjihgsed,2014-03-23T11:14:36.,TRADER,33 Eleventh Street,ARRINGTON,22922
M.,Louis,Leroy,louisleroy,nmlkjihtfe,2010-09-12T16:54:55.,ENGINEER,37 Fourth Street,NICHOLVILLE,12965
Mme,Monique,Dubois,moniquedubois1,onmlkjiugf,2005-04-02T15:47:35.,ENGINEER,28 Chestnut Street,OWASSO,74055
Mme,Andree,Roux,andreeroux,ponmlkjvhg,2005-11-23T13:24:58.,SALES,37 Oak Street,POTTERSDALE,16871
Mme,Catherine,Martin,catherinemartin1,qponmlkwih,2008-02-13T08:18:54.,TRADER,48 View Street,EVANSVILLE,62242
Mme,Elisabeth,Girard,elisabethgirard,rqponmlxji,2012-06-18T13:46:27.,ENGINEER,1 Broadway Street,CHESHIRE,6408
Mme,Danielle,Durand,danielledurand0,srqponmykj,2001-01-13T10:15:00.,TRADER,2 Cedar Street,CASSELBERRY,32730
Mme,Dominique,Bernard,dominiquebernard0,tsrqponzlk,2014-06-08T10:42:28.,TRADER,43 Valley Street,LANDO,29724
M.,Rene,Laurent,renelaurent0,utsrqpo0ml,2020-03-10T15:23:47.,ENGINEER,21 Tenth Street,SEVIER,84766
M.,Serge,Morel,sergemorel,vutsrqp1nm,2013-08-26T12:46:40.,ENGINEER,31 Washington Street,WEST LEYDEN,13489
Mme,Christiane,Petit,christianepetit0,wvutsrq2on,2019-05-13T13:59:28.,TRADER,34 Church Street,IMMACULATA,19345
M.,Dominique,Thomas,dominiquethomas0,xwvutsr3po,2017-09-12T15:39:39.,TRADER, ,,
Mme,Annie,Robert,annierobert,yxwvuts4qp,2001-10-28T09:40:27.,ENGINEER,13 Walnut Street,FLAT LICK,40935
M.,Guy,Robert,guyrobert,zyxwvut5rq,2016-10-01T13:21:53.,TRADER,31 8th Street,RICHARDSVILLE,42270
Mme,Elisabeth,Martin,elisabethmartin,0zyxwvu6sr,2006-08-29T09:20:13.,TRADER,13 West Street,ECKHART MINES,21528
M.,Joseph,Garcia,josephgarcia0,10zyxwv7ts,2019-08-20T09:02:13.,TRADER,36 Lincoln Street,RICKREALL,97371
M.,Laurent,Simon,laurentsimon0,210zyxw8ut,2012-09-12T09:40:10.,SALES,5 Hillcrest Street,LEBURN,41831
Mme,Genevieve,Moreau,genevievemoreau0,3210zyx9vu,2013-10-23T09:56:50.,ENGINEER,18 Willow Street,EARLVILLE,19519
M.,Laurent,Morel,laurentmorel,43210zyawv,2018-11-09T15:49:13.,SALES,47 4th Street,WOODS CROSS ROADS,23190
M.,Andre,Bertrand,andrebertrand,543210zbxw,2019-03-25T11:49:41.,TRADER,19 Willow Street,MOUNT JOY,17552
M.,Guy,André,guyandré,6543210cyx,2017-09-22T13:53:55.,TRADER,45 Hickory Street,OPHEIM,59250
M.,Dominique,Richard,dominiquerichard,7654321dzy,2016-08-27T15:43:44.,TRADER,28 Cedar Street,TRURO,2666
M.,Jean,Dubois,jeandubois,8765432e0z,2005-08-04T09:06:05.,SALES,12 Railroad Street,SALTERS,29590
M.,Nicolas,Dubois,nicolasdubois0,9876543g10,2006-02-22T08:42:59.,ENGINEER,2 12th Street,EAST PRAIRIE,63845
Mme,Brigitte,Lefebvre,brigittelefebvre,a987654h21,2002-02-11T16:32:29.,TRADER,33 Railroad Street,GREAT VALLEY,14741
Mme,Audrey,Petit,audreypetit,ba98765i32,2014-05-19T09:04:54.,TRADER,39 Lake Street,ASBURY PARK,7712
M.,Rene,Petit,renepetit1,cba9876j43,2006-06-13T14:58:29.,SALES,44 North Street,BROOKSIDE,7926
Mme,Denise,Thomas,denisethomas,dcba987k54,2016-08-12T08:43:29.,ENGINEER,31 Walnut Street,BLUE ROCK,43720
Mme,Celine,Simon,celinesimon0,edcba98l65,2008-05-18T13:45:16.,ENGINEER,20 6th Street,ENUMCLAW,98022
M.,George,Dubois,georgedubois,fedcba9m76,2014-08-21T08:44:59.,SALES,8 River Street,KIRKVILLE,52566
Mme,Margeuerite,Robert,margeueriterobert0,gfedcban87,2001-07-02T16:56:41.,SALES,31 Madison Street,NEW DEAL,79350
M.,Guy,Bernard,guybernard,hgfedcbo98,2009-10-08T09:22:39.,TRADER,18 Railroad Street,DOUGLASSVILLE,19518
Mme,Christine,Martin,christinemartin0,ihgfedcpa9,2020-04-22T11:39:39.,ENGINEER, ,,
Mme,Nicole,Lefèvre,nicolelefèvre,jihgfedqba,2011-07-22T12:47:18.,TRADER,42 Willow Street,GREENACRES,99016
M.,Thierry,Robert,thierryrobert,kjihgfercb,2016-11-12T11:41:26.,ENGINEER,48 Locust Street,MALDEN,63863
Mme,Marcelle,Petit,marcellepetit,lkjihgfsdc,2018-04-23T13:34:10.,SALES, ,,
Mme,Bernadette,Richard,bernadetterichard,mlkjihgted,2004-04-22T13:29:48.,ENGINEER,44 Highland Street,HALBUR,51444
Mme,Florence,Lefebvre,florencelefebvre0,nmlkjihufe,2003-07-29T09:12:37.,SALES,46 Hill Street,SPRING HILL,37174
Mme,Nicole,Roux,nicoleroux,onmlkjivgf,2006-03-21T12:18:36.,SALES, ,,
M.,Thierry,Laurent,thierrylaurent,ponmlkjwhg,2008-05-15T12:04:39.,SALES,38 Railroad Street,PAINTED POST,14870
M.,Guillaume,Durand,guillaumedurand0,qponmlkxih,2012-10-15T15:49:58.,SALES,30 Meadow Street,PATAGONIA,85624
M.,Pascal,Lefebvre,pascallefebvre,rqponmlyji,2015-11-27T12:26:35.,SALES,9 Meadow Street,LAYLAND,25864
Mme,Laurence,Leroy,laurenceleroy,srqponmzkj,2013-12-01T15:12:14.,TRADER,32 4th Street,MIDLAND,48686
Mme,Corinne,Martin,corinnemartin0,tsrqpon_lk,2010-10-15T15:24:15.,TRADER,43 Madison Street,POWDER SPRINGS,30127
Mme,Denise,Girard,denisegirard,utsrqpoaml,2020-02-27T16:31:57.,SALES,39 Johnson Street,HUNTINGTON,46750
Mme,Aurelie,Garcia,aureliegarcia,vutsrqpbnm,2018-01-23T13:40:35.,SALES,20 Pine Street,OGDENSBURG,13669
M.,Serge,David,sergedavid,wvutsrqcon,2018-11-21T15:01:07.,TRADER,6 Lincoln Street,CHOKIO,56221
M.,Pierre,Richard,pierrerichard,xwvutsrdpo,2007-11-30T08:06:37.,TRADER,5 River Street,MOGADORE,44260
Mme,Claire,Fournier,clairefournier,yxwvutseqp,2001-01-28T08:43:26.,SALES,40 4th Street,RICHGROVE,93261
M.,Bruno,Thomas,brunothomas,zyxwvutfrq,2015-11-05T10:04:29.,TRADER,45 Fourth Street,MENOMONEE FALLS,53051
M.,Yves,Leroy,yvesleroy0,_zyxwvugsr,2010-12-20T13:50:12.,SALES,5 11th Street,HEYBURN,83336
M.,Stephane,Bernard,stephanebernard,a_zyxwvhts,2004-02-14T13:24:46.,SALES,50 Lakeview Street,LANGSTON,73050
Mme,Annie,Bertrand,anniebertrand,ba_zyxwiut,2010-02-11T12:58:50.,ENGINEER,21 Oak Street,CAMBRIDGE,67023
Mme,Aurelie,David,aureliedavid,cba_zyxjvu,2017-07-30T10:40:13.,ENGINEER, ,,
Mme,Isabelle,Robert,isabellerobert0,dcba_zykwv,2010-09-04T08:54:27.,ENGINEER,37 12th Street,LACONIA,47135
Mme,Marcelle,Bertrand,marcellebertrand,edcba_zlxw,2008-10-23T12:16:01.,SALES,46 Main Street,DOUGHERTY,73032
M.,Dominique,Thomas,dominiquethomas1,fedcba_myx,2014-07-20T16:17:35.,ENGINEER,47 Woodland Street,SPURGER,77660
M.,Daniel,Leroy,danielleroy,gfedcbanzy,2014-08-25T16:11:10.,ENGINEER, ,,
Mme,Francoise,Thomas,francoisethomas1,hgfedcbo_z,2017-05-09T14:37:54.,TRADER,10 Oak Street,WHITE MOUNTAIN,99784
M.,Olivier,Durand,olivierdurand,ihgfedcpa_,2007-10-17T11:24:27.,ENGINEER,19 Ninth Street,WEST NEWTON,46183
M.,Jerome,Martin,jeromemartin1,jihgfedqba,2006-02-05T14:04:50.,ENGINEER, ,,
Mme,Josette,Durand,josettedurand,kjihgfercb,2004-09-03T13:37:03.,ENGINEER,34 Ash Street,EAST FAIRFIELD,5448
M.,Laurent,Petit,laurentpetit0,lkjihgfsdc,2002-07-11T16:22:17.,SALES,13 Hickory Street,CYNTHIANA,45624
Mme,Helene,Durand,helenedurand,mlkjihgted,2003-12-14T14:37:22.,SALES,44 Railroad Street,LIVINGSTON,70754
M.,Franck,Roux,franckroux,nmlkjihufe,2017-02-09T10:56:53.,ENGINEER,15 3rd Street,MECHANICSVILLE,23111
Mme,Dominique,André,dominiqueandré0,onmlkjivgf,2004-10-25T12:14:48.,SALES,49 Oak Street,ALBIA,52531
M.,Jerome,Simon,jeromesimon,ponmlkjwhg,2019-07-18T14:14:30.,TRADER,49 9th Street,DAWSON,35963
Mme,Monique,Martin,moniquemartin,qponmlkxih,2020-06-27T16:43:19.,SALES,9 Lake Street,MOUNT UPTON,13809
Mme,Christelle,Vincent,christellevincent,rqponmlyji,2005-01-06T09:30:15.,TRADER,27 2nd Street,VALLEY,68064
M.,Bernard,Martin,bernardmartin0,srqponmzkj,2007-05-10T15:18:41.,ENGINEER,19 Smith Street,NORTH HENDERSON,61466
M.,Andre,Martin,andremartin0,tsrqpon0lk,2014-02-24T09:43:20.,ENGINEER,33 Pine Street,MYRTLE CREEK,97457
Mme,Francoise,Fournier,francoisefournier,utsrqpo1ml,2011-03-21T08:43:47.,TRADER,48 Wilson Street,WESTLAKE,97493
M.,Claude,Durand,claudedurand,vutsrqp2nm,2018-09-13T13:16:14.,SALES,29 Meadow Street,INDEX,98256
Mme,Madeleine,Durand,madeleinedurand1,wvutsrq3on,2008-07-08T09:49:28.,ENGINEER,42 Park Street,ESSIE,40827
M.,Bruno,André,brunoandré,xwvutsr4po,2011-02-23T14:09:00.,SALES,5 8th Street,TIMBO,72680
M.,David,Bertrand,davidbertrand0,yxwvuts5qp,2011-04-25T09:05:12.,SALES,34 Hill Street,PARIS,40361
M.,Michel,Moreau,michelmoreau,zyxwvut6rq,2005-02-25T08:44:25.,TRADER,37 Mill Street,ALMA,66401
M.,Maurice,Martin,mauricemartin0,0zyxwvu7sr,2018-08-05T09:06:09.,ENGINEER,43 Second Street,BELVIDERE,27919
M.,Frederic,David,fredericdavid,10zyxwv8ts,2002-05-02T09:47:12.,SALES,22 Birch Street,SANDY HOOK,6482
M.,Laurent,Girard,laurentgirard,210zyxw9ut,2009-04-24T16:16:00.,TRADER,11 Cedar Street,PATTISON,77466
M.,Yves,Bertrand,yvesbertrand,3210zyxavu,2018-10-27T11:14:49.,ENGINEER, ,,
M.,Pierre,Leroy,pierreleroy0,43210zybwv,2010-09-23T13:05:48.,ENGINEER,30 14th Street,LAMPASAS,76550
M.,Eric,Vincent,ericvincent,543210zcxw,2011-04-07T12:16:41.,ENGINEER,9 Woodland Street,MATTHEWS,63867
M.,Marc,Bertrand,marcbertrand,6543210dyx,2000-06-15T13:13:29.,SALES,33 River Street,SOUTH ORANGE,7079
Mme,Marie,Michel,mariemichel,7654321ezy,2015-09-26T08:05:01.,ENGINEER,16 Birch Street,ATTLEBORO,2703
Mme,Michele,Dubois,micheledubois0,8765432f0z,2001-12-16T16:30:11.,ENGINEER,19 Lincoln Street,ATLAS,48411
M.,Guy,Simon,guysimon,9876543h10,2004-07-19T12:07:12.,TRADER,24 Fifth Street,HURLEY,88043
Mme,Corinne,Richard,corinnerichard,a987654i21,2010-03-04T15:38:32.,ENGINEER,14 North Street,CORD,72524
Mme,Marie,Martin,mariemartin,ba98765j32,2009-10-04T16:53:31.,ENGINEER,11 Mill Street,COLUMBIA FALLS,4623
M.,Jean,Dubois,jeandubois0,cba9876k43,2016-01-05T14:47:36.,SALES,23 Eighth Street,LITTLEROCK,98556
Mme,Nicole,Garcia,nicolegarcia,dcba987l54,2019-01-27T10:45:32.,TRADER, ,,
M.,Maurice,Martin,mauricemartin1,edcba98m65,2016-08-31T13:13:51.,ENGINEER,29 Wilson Street,ENNING,57737
Mme,Andree,Lefebvre,andreelefebvre0,fedcba9n76,2008-03-24T13:23:05.,SALES,28 Elm Street,LIMA,59739
M.,Alain,Simon,alainsimon,gfedcbao87,2008-11-19T09:46:16.,TRADER,19 Highland Street,PAGETON,24871
M.,David,Dubois,daviddubois,hgfedcbp98,2000-01-26T12:50:38.,ENGINEER,19 Oak Street,BRIDGETON,47836
Mme,Elisabeth,Petit,elisabethpetit0,ihgfedcqa9,2014-07-16T16:56:43.,TRADER,5 Highland Street,LAKE CLEAR,12945
Mme,Corinne,Simon,corinnesimon,jihgfedrba,2002-07-17T11:16:06.,TRADER,50 Birch Street,HOLT,95234
Mme,Celine,Dubois,celinedubois0,kjihgfescb,2014-01-21T10:54:52.,ENGINEER, ,,
Mme,Helene,Thomas,helenethomas,lkjihgftdc,2014-09-28T14:59:22.,TRADER,27 Hill Street,RANDOLPH,23962
M.,Sebastien,Martin,sebastienmartin,mlkjihgued,2001-10-22T12:40:32.,ENGINEER, ,,
M.,Bruno,Martin,brunomartin0,nmlkjihvfe,2011-11-02T10:24:06.,ENGINEER,22 1st Street,GREENFIELD,46140
Mme,Caroline,Robert,carolinerobert0,onmlkjiwgf,2003-09-18T10:15:16.,ENGINEER,39 5th Street,BREWSTER,10509
M.,Vincent,Leroy,vincentleroy,ponmlkjxhg,2018-07-21T10:00:32.,ENGINEER,36 Willow Street,EAST PALATKA,32131
M.,Olivier,Moreau,oliviermoreau0,qponmlkyih,2017-03-26T12:43:08.,SALES,28 River Street,GOLDEN,62339
M.,Guy,Bertrand,guybertrand,rqponmlzji,2015-06-14T14:56:25.,ENGINEER,22 Williams Street,GAINESBORO,38562
M.,Henri,Durand,henridurand,srqponm_kj,2019-12-23T11:47:16.,ENGINEER,50 7th Street,BLOOMINGTON,12411
Mme,Christine,Martin,christinemartin1,tsrqponalk,2019-01-18T16:17:30.,TRADER, ,,
M.,Robert,Leroy,robertleroy,utsrqpobml,2010-05-25T08:19:24.,ENGINEER,45 Oak Street,MONROE,50170
Mme,Bernadette,Lefebvre,bernadettelefebvre,vutsrqpcnm,2019-05-19T14:55:17.,SALES,13 Sycamore Street,FLEMING,16835
Mme,Renee,Roux,reneeroux,wvutsrqdon,2017-08-15T16:36:57.,ENGINEER,4 Green Street,AGNESS,97406
M.,Michel,Thomas,michelthomas,xwvutsrepo,2002-07-16T11:39:00.,SALES,45 Fifteenth Street,CATOOSA,74015
Mme,Cecile,Simon,cecilesimon,yxwvutsfqp,2013-11-26T13:29:50.,SALES,49 Davis Street,HILLSBORO,88042
Mme,Genevieve,Lefebvre,genevievelefebvre,zyxwvutgrq,2006-09-12T14:06:10.,SALES,8 Ash Street,WELDON,93283
Mme,Natalie,Petit,nataliepetit,_zyxwvuhsr,2001-11-20T16:01:02.,TRADER, ,,
Mme,Caroline,Vincent,carolinevincent,a_zyxwvits,2018-12-20T14:30:19.,ENGINEER,50 Green Street,EAST NORWICH,11732
M.,Pierre,Michel,pierremichel0,ba_zyxwjut,2006-01-29T12:14:05.,ENGINEER,32 View Street,WARREN,44488
M.,Christophe,Richard,christopherichard,cba_zyxkvu,2020-12-07T08:37:15.,ENGINEER,32 7th Street,OVERPECK,45055
M.,Pascal,Bernard,pascalbernard,dcba_zylwv,2010-10-27T09:50:48.,SALES,6 Center Street,OSSEO,49266
M.,Henri,Petit,henripetit,edcba_zmxw,2005-07-14T09:42:53.,SALES, ,,
M.,Robert,Thomas,robertthomas,fedcba_nyx,2013-08-07T16:27:46.,ENGINEER, ,,
M.,Julien,Lefebvre,julienlefebvre,gfedcbaozy,2001-08-22T10:06:52.,ENGINEER,32 Church Street,GREYCLIFF,59033
M.,Rene,Thomas,renethomas0,hgfedcbp_z,2019-11-01T10:07:36.,ENGINEER,37 Ash Street,OSYKA,39657
Mme,Annie,Vincent,annievincent0,ihgfedcqa_,2002-04-14T09:02:08.,ENGINEER,16 Locust Street,FALKVILLE,35622
M.,Michel,Dubois,micheldubois0,jihgfedrba,2002-11-26T09:00:32.,ENGINEER,50 Laurel Street,FAYETTEVILLE,45118
Mme,Corinne,Laurent,corinnelaurent,kjihgfescb,2010-11-23T13:09:19.,TRADER,16 Cherry Street,NINETY SIX,29666
Mme,Madeleine,Durand,madeleinedurand2,lkjihgftdc,2004-05-18T12:14:44.,SALES, ,,
Mme,Bernadette,Morel,bernadettemorel0,mlkjihgued,2000-04-05T08:45:45.,TRADER,20 Johnson Street,SUMMERSVILLE,42782
M.,Bruno,Roux,brunoroux,nmlkjihvfe,2018-09-02T16:33:34.,TRADER,1 2nd Street,FRAZIER PARK,93225
Mme,Jeanne,Martin,jeannemartin,onmlkjiwgf,2002-09-30T08:39:27.,TRADER,38 Poplar Street,SAUSALITO,94966
M.,Serge,Simon,sergesimon,ponmlkjxhg,2011-01-31T08:18:24.,TRADER,10 Dogwood Street,ESSEX,63846
M.,Julien,Dubois,juliendubois,qponmlkyih,2011-10-12T14:10:04.,TRADER,50 Pine Street,BLACK ROCK,72415
M.,Eric,Laurent,ericlaurent,rqponmlzji,2011-12-23T11:34:20.,SALES,17 15th Street,SILVER CREEK,68663
Mme,Jeanne,Leroy,jeanneleroy0,srqponm0kj,2020-11-05T14:01:33.,TRADER,49 1st Street,FORSYTH,31029
M.,Laurent,Petit,laurentpetit1,tsrqpon1lk,2017-03-19T09:53:26.,SALES,5 3rd Street,TURNER,4282
Mme,Patricia,Bernard,patriciabernard,utsrqpo2ml,2010-10-28T08:57:01.,TRADER,24 Davis Street,SPRINGBORO,16435
M.,Nicolas,Richard,nicolasrichard,vutsrqp3nm,2015-02-09T14:48:36.,SALES,8 Third Street,FORBES,58439
M.,Thierry,Thomas,thierrythomas,wvutsrq4on,2009-07-01T12:16:57.,ENGINEER, ,,
M.,Marcel,Leroy,marcelleroy,xwvutsr5po,2006-01-12T09:28:29.,SALES,39 Washington Street,EVERETTS,27825
Mme,Monique,Durand,moniquedurand,yxwvuts6qp,2001-10-09T14:56:13.,TRADER,16 Woodland Street,UNIONVILLE,10988
M.,Nicolas,Richard,nicolasrichard0,zyxwvut7rq,2007-08-24T10:15:28.,TRADER,22 Pine Street,EASTMAN,54626
M.,Julien,Martin,julienmartin,0zyxwvu8sr,2020-11-04T11:16:15.,TRADER, ,,